yarn run v1.22.18
$ NEXT_PUBLIC_AGORA_ENV=dev next dev
  ▲ Next.js 14.2.35
  - Local:        http://localhost:3000
  - Environments: .env
  - Experiments (use with caution):
    · instrumentationHook

 ✓ Starting...
 ○ Compiling /instrumentation ...
 ✓ Compiled /instrumentation in 1358ms (710 modules)
 ✓ Ready in 3.5s
 ○ Compiling /delegates/[accountId] ...
 ✓ Compiled /delegates/[accountId] in 22.6s (6671 modules)
 ⨯ Error: ENOENT: no such file or directory, open '/Users/atomauro/agora-temporal2/agora-near/.next/browser/default-stylesheet.css'
    at Object.readFileSync (node:fs:442:20)
    at __webpack_require__ (/Users/atomauro/agora-temporal2/agora-near/.next/server/webpack-runtime.js:33:43)
    at __webpack_require__ (/Users/atomauro/agora-temporal2/agora-near/.next/server/webpack-runtime.js:33:43)
    at __webpack_require__ (/Users/atomauro/agora-temporal2/agora-near/.next/server/webpack-runtime.js:33:43)
    at __webpack_require__ (/Users/atomauro/agora-temporal2/agora-near/.next/server/webpack-runtime.js:33:43)
    at __webpack_require__ (/Users/atomauro/agora-temporal2/agora-near/.next/server/webpack-runtime.js:33:43)
    at __webpack_require__ (/Users/atomauro/agora-temporal2/agora-near/.next/server/webpack-runtime.js:33:43)
    at __webpack_require__ (/Users/atomauro/agora-temporal2/agora-near/.next/server/webpack-runtime.js:33:43)
    at __webpack_require__ (/Users/atomauro/agora-temporal2/agora-near/.next/server/webpack-runtime.js:33:43)
    at __webpack_require__ (/Users/atomauro/agora-temporal2/agora-near/.next/server/webpack-runtime.js:33:43)
    at eval (./src/lib/sanitizationUtils.ts:7:78)
    at (ssr)/./src/lib/sanitizationUtils.ts (/Users/atomauro/agora-temporal2/agora-near/.next/server/app/delegates/[accountId]/page.js:2741:1)
    at __webpack_require__ (/Users/atomauro/agora-temporal2/agora-near/.next/server/webpack-runtime.js:33:43)
    at eval (./src/components/Notifications/SubscribeDialog.tsx:19:81)
    at (ssr)/./src/components/Notifications/SubscribeDialog.tsx (/Users/atomauro/agora-temporal2/agora-near/.next/server/app/delegates/[accountId]/page.js:1663:1)
    at __webpack_require__ (/Users/atomauro/agora-temporal2/agora-near/.next/server/webpack-runtime.js:33:43)
    at eval (./src/components/Dialogs/DialogProvider/dialogs.tsx:17:100)
    at (ssr)/./src/components/Dialogs/DialogProvider/dialogs.tsx (/Users/atomauro/agora-temporal2/agora-near/.next/server/app/delegates/[accountId]/page.js:1058:1)
    at __webpack_require__ (/Users/atomauro/agora-temporal2/agora-near/.next/server/webpack-runtime.js:33:43)
    at eval (./src/components/Dialogs/DialogProvider/DialogProvider.tsx:11:66)
    at (ssr)/./src/components/Dialogs/DialogProvider/DialogProvider.tsx (/Users/atomauro/agora-temporal2/agora-near/.next/server/app/delegates/[accountId]/page.js:1047:1)
    at __webpack_require__ (/Users/atomauro/agora-temporal2/agora-near/.next/server/webpack-runtime.js:33:43)
    at eval (./src/components/Layout/PageContainer.tsx:10:96)
    at (ssr)/./src/components/Layout/PageContainer.tsx (/Users/atomauro/agora-temporal2/agora-near/.next/server/app/delegates/[accountId]/page.js:1586:1)
    at __webpack_require__ (/Users/atomauro/agora-temporal2/agora-near/.next/server/webpack-runtime.js:33:43)
    at eval (./src/app/Web3Provider.tsx:8:90)
    at (ssr)/./src/app/Web3Provider.tsx (/Users/atomauro/agora-temporal2/agora-near/.next/server/app/delegates/[accountId]/page.js:651:1)
    at Object.__webpack_require__ [as require] (/Users/atomauro/agora-temporal2/agora-near/.next/server/webpack-runtime.js:33:43)
digest: "3311416743"
 ⨯ Error: ENOENT: no such file or directory, open '/Users/atomauro/agora-temporal2/agora-near/.next/browser/default-stylesheet.css'
    at Object.readFileSync (node:fs:442:20)
    at __webpack_require__ (/Users/atomauro/agora-temporal2/agora-near/.next/server/webpack-runtime.js:33:43)
    at __webpack_require__ (/Users/atomauro/agora-temporal2/agora-near/.next/server/webpack-runtime.js:33:43)
    at __webpack_require__ (/Users/atomauro/agora-temporal2/agora-near/.next/server/webpack-runtime.js:33:43)
    at __webpack_require__ (/Users/atomauro/agora-temporal2/agora-near/.next/server/webpack-runtime.js:33:43)
    at __webpack_require__ (/Users/atomauro/agora-temporal2/agora-near/.next/server/webpack-runtime.js:33:43)
    at __webpack_require__ (/Users/atomauro/agora-temporal2/agora-near/.next/server/webpack-runtime.js:33:43)
    at __webpack_require__ (/Users/atomauro/agora-temporal2/agora-near/.next/server/webpack-runtime.js:33:43)
    at __webpack_require__ (/Users/atomauro/agora-temporal2/agora-near/.next/server/webpack-runtime.js:33:43)
    at __webpack_require__ (/Users/atomauro/agora-temporal2/agora-near/.next/server/webpack-runtime.js:33:43)
    at eval (./src/lib/sanitizationUtils.ts:7:78)
    at (ssr)/./src/lib/sanitizationUtils.ts (/Users/atomauro/agora-temporal2/agora-near/.next/server/app/delegates/[accountId]/page.js:2741:1)
    at __webpack_require__ (/Users/atomauro/agora-temporal2/agora-near/.next/server/webpack-runtime.js:33:43)
    at eval (./src/components/Notifications/SubscribeDialog.tsx:19:81)
    at (ssr)/./src/components/Notifications/SubscribeDialog.tsx (/Users/atomauro/agora-temporal2/agora-near/.next/server/app/delegates/[accountId]/page.js:1663:1)
    at __webpack_require__ (/Users/atomauro/agora-temporal2/agora-near/.next/server/webpack-runtime.js:33:43)
    at eval (./src/components/Dialogs/DialogProvider/dialogs.tsx:17:100)
    at (ssr)/./src/components/Dialogs/DialogProvider/dialogs.tsx (/Users/atomauro/agora-temporal2/agora-near/.next/server/app/delegates/[accountId]/page.js:1058:1)
    at __webpack_require__ (/Users/atomauro/agora-temporal2/agora-near/.next/server/webpack-runtime.js:33:43)
    at eval (./src/components/Dialogs/DialogProvider/DialogProvider.tsx:11:66)
    at (ssr)/./src/components/Dialogs/DialogProvider/DialogProvider.tsx (/Users/atomauro/agora-temporal2/agora-near/.next/server/app/delegates/[accountId]/page.js:1047:1)
    at __webpack_require__ (/Users/atomauro/agora-temporal2/agora-near/.next/server/webpack-runtime.js:33:43)
    at eval (./src/components/Layout/PageContainer.tsx:10:96)
    at (ssr)/./src/components/Layout/PageContainer.tsx (/Users/atomauro/agora-temporal2/agora-near/.next/server/app/delegates/[accountId]/page.js:1586:1)
    at __webpack_require__ (/Users/atomauro/agora-temporal2/agora-near/.next/server/webpack-runtime.js:33:43)
    at eval (./src/app/Web3Provider.tsx:8:90)
    at (ssr)/./src/app/Web3Provider.tsx (/Users/atomauro/agora-temporal2/agora-near/.next/server/app/delegates/[accountId]/page.js:651:1)
    at Object.__webpack_require__ [as require] (/Users/atomauro/agora-temporal2/agora-near/.next/server/webpack-runtime.js:33:43)
digest: "3311416743"
 ⨯ Error: ENOENT: no such file or directory, open '/Users/atomauro/agora-temporal2/agora-near/.next/browser/default-stylesheet.css'
    at Object.readFileSync (node:fs:442:20)
    at __webpack_require__ (/Users/atomauro/agora-temporal2/agora-near/.next/server/webpack-runtime.js:33:43)
    at __webpack_require__ (/Users/atomauro/agora-temporal2/agora-near/.next/server/webpack-runtime.js:33:43)
    at __webpack_require__ (/Users/atomauro/agora-temporal2/agora-near/.next/server/webpack-runtime.js:33:43)
    at __webpack_require__ (/Users/atomauro/agora-temporal2/agora-near/.next/server/webpack-runtime.js:33:43)
    at __webpack_require__ (/Users/atomauro/agora-temporal2/agora-near/.next/server/webpack-runtime.js:33:43)
    at __webpack_require__ (/Users/atomauro/agora-temporal2/agora-near/.next/server/webpack-runtime.js:33:43)
    at __webpack_require__ (/Users/atomauro/agora-temporal2/agora-near/.next/server/webpack-runtime.js:33:43)
    at __webpack_require__ (/Users/atomauro/agora-temporal2/agora-near/.next/server/webpack-runtime.js:33:43)
    at __webpack_require__ (/Users/atomauro/agora-temporal2/agora-near/.next/server/webpack-runtime.js:33:43)
    at eval (./src/lib/sanitizationUtils.ts:7:78)
    at (ssr)/./src/lib/sanitizationUtils.ts (/Users/atomauro/agora-temporal2/agora-near/.next/server/app/delegates/[accountId]/page.js:2741:1)
    at __webpack_require__ (/Users/atomauro/agora-temporal2/agora-near/.next/server/webpack-runtime.js:33:43)
    at eval (./src/components/Notifications/SubscribeDialog.tsx:19:81)
    at (ssr)/./src/components/Notifications/SubscribeDialog.tsx (/Users/atomauro/agora-temporal2/agora-near/.next/server/app/delegates/[accountId]/page.js:1663:1)
    at __webpack_require__ (/Users/atomauro/agora-temporal2/agora-near/.next/server/webpack-runtime.js:33:43)
    at eval (./src/components/Dialogs/DialogProvider/dialogs.tsx:17:100)
    at (ssr)/./src/components/Dialogs/DialogProvider/dialogs.tsx (/Users/atomauro/agora-temporal2/agora-near/.next/server/app/delegates/[accountId]/page.js:1058:1)
    at __webpack_require__ (/Users/atomauro/agora-temporal2/agora-near/.next/server/webpack-runtime.js:33:43)
    at eval (./src/components/Dialogs/DialogProvider/DialogProvider.tsx:11:66)
    at (ssr)/./src/components/Dialogs/DialogProvider/DialogProvider.tsx (/Users/atomauro/agora-temporal2/agora-near/.next/server/app/delegates/[accountId]/page.js:1047:1)
    at __webpack_require__ (/Users/atomauro/agora-temporal2/agora-near/.next/server/webpack-runtime.js:33:43)
    at eval (./src/components/Layout/PageContainer.tsx:10:96)
    at (ssr)/./src/components/Layout/PageContainer.tsx (/Users/atomauro/agora-temporal2/agora-near/.next/server/app/delegates/[accountId]/page.js:1586:1)
    at __webpack_require__ (/Users/atomauro/agora-temporal2/agora-near/.next/server/webpack-runtime.js:33:43)
    at eval (./src/app/Web3Provider.tsx:8:90)
    at (ssr)/./src/app/Web3Provider.tsx (/Users/atomauro/agora-temporal2/agora-near/.next/server/app/delegates/[accountId]/page.js:651:1)
    at Object.__webpack_require__ [as require] (/Users/atomauro/agora-temporal2/agora-near/.next/server/webpack-runtime.js:33:43)
digest: "3311416743"
 GET /delegates 500 in 23656ms
 GET /delegates?layout=list 500 in 23657ms
 GET /delegates 500 in 23661ms
 ⨯ Error: ENOENT: no such file or directory, open '/Users/atomauro/agora-temporal2/agora-near/.next/browser/default-stylesheet.css'
    at Object.readFileSync (node:fs:442:20)
    at __webpack_require__ (/Users/atomauro/agora-temporal2/agora-near/.next/server/webpack-runtime.js:33:43)
    at __webpack_require__ (/Users/atomauro/agora-temporal2/agora-near/.next/server/webpack-runtime.js:33:43)
    at __webpack_require__ (/Users/atomauro/agora-temporal2/agora-near/.next/server/webpack-runtime.js:33:43)
    at __webpack_require__ (/Users/atomauro/agora-temporal2/agora-near/.next/server/webpack-runtime.js:33:43)
    at __webpack_require__ (/Users/atomauro/agora-temporal2/agora-near/.next/server/webpack-runtime.js:33:43)
    at __webpack_require__ (/Users/atomauro/agora-temporal2/agora-near/.next/server/webpack-runtime.js:33:43)
    at __webpack_require__ (/Users/atomauro/agora-temporal2/agora-near/.next/server/webpack-runtime.js:33:43)
    at __webpack_require__ (/Users/atomauro/agora-temporal2/agora-near/.next/server/webpack-runtime.js:33:43)
    at __webpack_require__ (/Users/atomauro/agora-temporal2/agora-near/.next/server/webpack-runtime.js:33:43)
    at eval (./src/lib/sanitizationUtils.ts:7:78)
    at (ssr)/./src/lib/sanitizationUtils.ts (/Users/atomauro/agora-temporal2/agora-near/.next/server/app/delegates/[accountId]/page.js:2741:1)
    at __webpack_require__ (/Users/atomauro/agora-temporal2/agora-near/.next/server/webpack-runtime.js:33:43)
    at eval (./src/components/Notifications/SubscribeDialog.tsx:19:81)
    at (ssr)/./src/components/Notifications/SubscribeDialog.tsx (/Users/atomauro/agora-temporal2/agora-near/.next/server/app/delegates/[accountId]/page.js:1663:1)
    at __webpack_require__ (/Users/atomauro/agora-temporal2/agora-near/.next/server/webpack-runtime.js:33:43)
    at eval (./src/components/Dialogs/DialogProvider/dialogs.tsx:17:100)
    at (ssr)/./src/components/Dialogs/DialogProvider/dialogs.tsx (/Users/atomauro/agora-temporal2/agora-near/.next/server/app/delegates/[accountId]/page.js:1058:1)
    at __webpack_require__ (/Users/atomauro/agora-temporal2/agora-near/.next/server/webpack-runtime.js:33:43)
    at eval (./src/components/Dialogs/DialogProvider/DialogProvider.tsx:11:66)
    at (ssr)/./src/components/Dialogs/DialogProvider/DialogProvider.tsx (/Users/atomauro/agora-temporal2/agora-near/.next/server/app/delegates/[accountId]/page.js:1047:1)
    at __webpack_require__ (/Users/atomauro/agora-temporal2/agora-near/.next/server/webpack-runtime.js:33:43)
    at eval (./src/components/Layout/PageContainer.tsx:10:96)
    at (ssr)/./src/components/Layout/PageContainer.tsx (/Users/atomauro/agora-temporal2/agora-near/.next/server/app/delegates/[accountId]/page.js:1586:1)
    at __webpack_require__ (/Users/atomauro/agora-temporal2/agora-near/.next/server/webpack-runtime.js:33:43)
    at eval (./src/app/Web3Provider.tsx:8:90)
    at (ssr)/./src/app/Web3Provider.tsx (/Users/atomauro/agora-temporal2/agora-near/.next/server/app/delegates/[accountId]/page.js:651:1)
    at Object.__webpack_require__ [as require] (/Users/atomauro/agora-temporal2/agora-near/.next/server/webpack-runtime.js:33:43)
digest: "3311416743"
 GET /delegates/whale.near 500 in 24548ms
 ○ Compiling /_not-found ...
 ✓ Compiled /_not-found in 1620ms (6638 modules)
 ⨯ Error: ENOENT: no such file or directory, open '/Users/atomauro/agora-temporal2/agora-near/.next/browser/default-stylesheet.css'
    at Object.readFileSync (node:fs:442:20)
    at __webpack_require__ (/Users/atomauro/agora-temporal2/agora-near/.next/server/webpack-runtime.js:33:43)
    at __webpack_require__ (/Users/atomauro/agora-temporal2/agora-near/.next/server/webpack-runtime.js:33:43)
    at __webpack_require__ (/Users/atomauro/agora-temporal2/agora-near/.next/server/webpack-runtime.js:33:43)
    at __webpack_require__ (/Users/atomauro/agora-temporal2/agora-near/.next/server/webpack-runtime.js:33:43)
    at __webpack_require__ (/Users/atomauro/agora-temporal2/agora-near/.next/server/webpack-runtime.js:33:43)
    at __webpack_require__ (/Users/atomauro/agora-temporal2/agora-near/.next/server/webpack-runtime.js:33:43)
    at __webpack_require__ (/Users/atomauro/agora-temporal2/agora-near/.next/server/webpack-runtime.js:33:43)
    at __webpack_require__ (/Users/atomauro/agora-temporal2/agora-near/.next/server/webpack-runtime.js:33:43)
    at __webpack_require__ (/Users/atomauro/agora-temporal2/agora-near/.next/server/webpack-runtime.js:33:43)
    at eval (./src/lib/sanitizationUtils.ts:7:78)
    at (ssr)/./src/lib/sanitizationUtils.ts (/Users/atomauro/agora-temporal2/agora-near/.next/server/app/_not-found/page.js:2446:1)
    at __webpack_require__ (/Users/atomauro/agora-temporal2/agora-near/.next/server/webpack-runtime.js:33:43)
    at eval (./src/components/Notifications/SubscribeDialog.tsx:19:81)
    at (ssr)/./src/components/Notifications/SubscribeDialog.tsx (/Users/atomauro/agora-temporal2/agora-near/.next/server/app/_not-found/page.js:1467:1)
    at __webpack_require__ (/Users/atomauro/agora-temporal2/agora-near/.next/server/webpack-runtime.js:33:43)
    at eval (./src/components/Dialogs/DialogProvider/dialogs.tsx:17:100)
    at (ssr)/./src/components/Dialogs/DialogProvider/dialogs.tsx (/Users/atomauro/agora-temporal2/agora-near/.next/server/app/_not-found/page.js:862:1)
    at __webpack_require__ (/Users/atomauro/agora-temporal2/agora-near/.next/server/webpack-runtime.js:33:43)
    at eval (./src/components/Dialogs/DialogProvider/DialogProvider.tsx:11:66)
    at (ssr)/./src/components/Dialogs/DialogProvider/DialogProvider.tsx (/Users/atomauro/agora-temporal2/agora-near/.next/server/app/_not-found/page.js:851:1)
    at __webpack_require__ (/Users/atomauro/agora-temporal2/agora-near/.next/server/webpack-runtime.js:33:43)
    at eval (./src/components/Layout/PageContainer.tsx:10:96)
    at (ssr)/./src/components/Layout/PageContainer.tsx (/Users/atomauro/agora-temporal2/agora-near/.next/server/app/_not-found/page.js:1390:1)
    at __webpack_require__ (/Users/atomauro/agora-temporal2/agora-near/.next/server/webpack-runtime.js:33:43)
    at eval (./src/app/Web3Provider.tsx:8:90)
    at (ssr)/./src/app/Web3Provider.tsx (/Users/atomauro/agora-temporal2/agora-near/.next/server/app/_not-found/page.js:620:1)
    at Object.__webpack_require__ [as require] (/Users/atomauro/agora-temporal2/agora-near/.next/server/webpack-runtime.js:33:43)
digest: "2801990508"
 GET /Users/atomauro/agora-temporal2/agora-near/node_modules/playwright/lib/index.js 404 in 2093ms
 ⨯ Error: ENOENT: no such file or directory, open '/Users/atomauro/agora-temporal2/agora-near/.next/browser/default-stylesheet.css'
    at Object.readFileSync (node:fs:442:20)
    at __webpack_require__ (/Users/atomauro/agora-temporal2/agora-near/.next/server/webpack-runtime.js:33:43)
    at __webpack_require__ (/Users/atomauro/agora-temporal2/agora-near/.next/server/webpack-runtime.js:33:43)
    at __webpack_require__ (/Users/atomauro/agora-temporal2/agora-near/.next/server/webpack-runtime.js:33:43)
    at __webpack_require__ (/Users/atomauro/agora-temporal2/agora-near/.next/server/webpack-runtime.js:33:43)
    at __webpack_require__ (/Users/atomauro/agora-temporal2/agora-near/.next/server/webpack-runtime.js:33:43)
    at __webpack_require__ (/Users/atomauro/agora-temporal2/agora-near/.next/server/webpack-runtime.js:33:43)
    at __webpack_require__ (/Users/atomauro/agora-temporal2/agora-near/.next/server/webpack-runtime.js:33:43)
    at __webpack_require__ (/Users/atomauro/agora-temporal2/agora-near/.next/server/webpack-runtime.js:33:43)
    at __webpack_require__ (/Users/atomauro/agora-temporal2/agora-near/.next/server/webpack-runtime.js:33:43)
    at eval (./src/lib/sanitizationUtils.ts:7:78)
    at (ssr)/./src/lib/sanitizationUtils.ts (/Users/atomauro/agora-temporal2/agora-near/.next/server/app/_not-found/page.js:2446:1)
    at __webpack_require__ (/Users/atomauro/agora-temporal2/agora-near/.next/server/webpack-runtime.js:33:43)
    at eval (./src/components/Notifications/SubscribeDialog.tsx:19:81)
    at (ssr)/./src/components/Notifications/SubscribeDialog.tsx (/Users/atomauro/agora-temporal2/agora-near/.next/server/app/_not-found/page.js:1467:1)
    at __webpack_require__ (/Users/atomauro/agora-temporal2/agora-near/.next/server/webpack-runtime.js:33:43)
    at eval (./src/components/Dialogs/DialogProvider/dialogs.tsx:17:100)
    at (ssr)/./src/components/Dialogs/DialogProvider/dialogs.tsx (/Users/atomauro/agora-temporal2/agora-near/.next/server/app/_not-found/page.js:862:1)
    at __webpack_require__ (/Users/atomauro/agora-temporal2/agora-near/.next/server/webpack-runtime.js:33:43)
    at eval (./src/components/Dialogs/DialogProvider/DialogProvider.tsx:11:66)
    at (ssr)/./src/components/Dialogs/DialogProvider/DialogProvider.tsx (/Users/atomauro/agora-temporal2/agora-near/.next/server/app/_not-found/page.js:851:1)
    at __webpack_require__ (/Users/atomauro/agora-temporal2/agora-near/.next/server/webpack-runtime.js:33:43)
    at eval (./src/components/Layout/PageContainer.tsx:10:96)
    at (ssr)/./src/components/Layout/PageContainer.tsx (/Users/atomauro/agora-temporal2/agora-near/.next/server/app/_not-found/page.js:1390:1)
    at __webpack_require__ (/Users/atomauro/agora-temporal2/agora-near/.next/server/webpack-runtime.js:33:43)
    at eval (./src/app/Web3Provider.tsx:8:90)
    at (ssr)/./src/app/Web3Provider.tsx (/Users/atomauro/agora-temporal2/agora-near/.next/server/app/_not-found/page.js:620:1)
    at Object.__webpack_require__ [as require] (/Users/atomauro/agora-temporal2/agora-near/.next/server/webpack-runtime.js:33:43)
digest: "2801990508"
 GET /Users/atomauro/agora-temporal2/agora-near/tests/voting-power.spec.ts 404 in 22ms
 ⨯ Error: ENOENT: no such file or directory, open '/Users/atomauro/agora-temporal2/agora-near/.next/browser/default-stylesheet.css'
    at Object.readFileSync (node:fs:442:20)
    at __webpack_require__ (/Users/atomauro/agora-temporal2/agora-near/.next/server/webpack-runtime.js:33:43)
    at __webpack_require__ (/Users/atomauro/agora-temporal2/agora-near/.next/server/webpack-runtime.js:33:43)
    at __webpack_require__ (/Users/atomauro/agora-temporal2/agora-near/.next/server/webpack-runtime.js:33:43)
    at __webpack_require__ (/Users/atomauro/agora-temporal2/agora-near/.next/server/webpack-runtime.js:33:43)
    at __webpack_require__ (/Users/atomauro/agora-temporal2/agora-near/.next/server/webpack-runtime.js:33:43)
    at __webpack_require__ (/Users/atomauro/agora-temporal2/agora-near/.next/server/webpack-runtime.js:33:43)
    at __webpack_require__ (/Users/atomauro/agora-temporal2/agora-near/.next/server/webpack-runtime.js:33:43)
    at __webpack_require__ (/Users/atomauro/agora-temporal2/agora-near/.next/server/webpack-runtime.js:33:43)
    at __webpack_require__ (/Users/atomauro/agora-temporal2/agora-near/.next/server/webpack-runtime.js:33:43)
    at eval (./src/lib/sanitizationUtils.ts:7:78)
    at (ssr)/./src/lib/sanitizationUtils.ts (/Users/atomauro/agora-temporal2/agora-near/.next/server/app/delegates/page.js:2743:1)
    at __webpack_require__ (/Users/atomauro/agora-temporal2/agora-near/.next/server/webpack-runtime.js:33:43)
    at eval (./src/components/Notifications/SubscribeDialog.tsx:19:81)
    at (ssr)/./src/components/Notifications/SubscribeDialog.tsx (/Users/atomauro/agora-temporal2/agora-near/.next/server/app/delegates/page.js:1654:1)
    at __webpack_require__ (/Users/atomauro/agora-temporal2/agora-near/.next/server/webpack-runtime.js:33:43)
    at eval (./src/components/Dialogs/DialogProvider/dialogs.tsx:17:100)
    at (ssr)/./src/components/Dialogs/DialogProvider/dialogs.tsx (/Users/atomauro/agora-temporal2/agora-near/.next/server/app/delegates/page.js:1049:1)
    at __webpack_require__ (/Users/atomauro/agora-temporal2/agora-near/.next/server/webpack-runtime.js:33:43)
    at eval (./src/components/Dialogs/DialogProvider/DialogProvider.tsx:11:66)
    at (ssr)/./src/components/Dialogs/DialogProvider/DialogProvider.tsx (/Users/atomauro/agora-temporal2/agora-near/.next/server/app/delegates/page.js:1038:1)
    at __webpack_require__ (/Users/atomauro/agora-temporal2/agora-near/.next/server/webpack-runtime.js:33:43)
    at eval (./src/components/Layout/PageContainer.tsx:10:96)
    at (ssr)/./src/components/Layout/PageContainer.tsx (/Users/atomauro/agora-temporal2/agora-near/.next/server/app/delegates/page.js:1577:1)
    at __webpack_require__ (/Users/atomauro/agora-temporal2/agora-near/.next/server/webpack-runtime.js:33:43)
    at eval (./src/app/Web3Provider.tsx:8:90)
    at (ssr)/./src/app/Web3Provider.tsx (/Users/atomauro/agora-temporal2/agora-near/.next/server/app/delegates/page.js:620:1)
    at Object.__webpack_require__ [as require] (/Users/atomauro/agora-temporal2/agora-near/.next/server/webpack-runtime.js:33:43)
digest: "2147264609"
 ⨯ Error: ENOENT: no such file or directory, open '/Users/atomauro/agora-temporal2/agora-near/.next/browser/default-stylesheet.css'
    at Object.readFileSync (node:fs:442:20)
    at __webpack_require__ (/Users/atomauro/agora-temporal2/agora-near/.next/server/webpack-runtime.js:33:43)
    at __webpack_require__ (/Users/atomauro/agora-temporal2/agora-near/.next/server/webpack-runtime.js:33:43)
    at __webpack_require__ (/Users/atomauro/agora-temporal2/agora-near/.next/server/webpack-runtime.js:33:43)
    at __webpack_require__ (/Users/atomauro/agora-temporal2/agora-near/.next/server/webpack-runtime.js:33:43)
    at __webpack_require__ (/Users/atomauro/agora-temporal2/agora-near/.next/server/webpack-runtime.js:33:43)
    at __webpack_require__ (/Users/atomauro/agora-temporal2/agora-near/.next/server/webpack-runtime.js:33:43)
    at __webpack_require__ (/Users/atomauro/agora-temporal2/agora-near/.next/server/webpack-runtime.js:33:43)
    at __webpack_require__ (/Users/atomauro/agora-temporal2/agora-near/.next/server/webpack-runtime.js:33:43)
    at __webpack_require__ (/Users/atomauro/agora-temporal2/agora-near/.next/server/webpack-runtime.js:33:43)
    at eval (./src/lib/sanitizationUtils.ts:7:78)
    at (ssr)/./src/lib/sanitizationUtils.ts (/Users/atomauro/agora-temporal2/agora-near/.next/server/app/delegates/page.js:2743:1)
    at __webpack_require__ (/Users/atomauro/agora-temporal2/agora-near/.next/server/webpack-runtime.js:33:43)
    at eval (./src/components/Notifications/SubscribeDialog.tsx:19:81)
    at (ssr)/./src/components/Notifications/SubscribeDialog.tsx (/Users/atomauro/agora-temporal2/agora-near/.next/server/app/delegates/page.js:1654:1)
    at __webpack_require__ (/Users/atomauro/agora-temporal2/agora-near/.next/server/webpack-runtime.js:33:43)
    at eval (./src/components/Dialogs/DialogProvider/dialogs.tsx:17:100)
    at (ssr)/./src/components/Dialogs/DialogProvider/dialogs.tsx (/Users/atomauro/agora-temporal2/agora-near/.next/server/app/delegates/page.js:1049:1)
    at __webpack_require__ (/Users/atomauro/agora-temporal2/agora-near/.next/server/webpack-runtime.js:33:43)
    at eval (./src/components/Dialogs/DialogProvider/DialogProvider.tsx:11:66)
    at (ssr)/./src/components/Dialogs/DialogProvider/DialogProvider.tsx (/Users/atomauro/agora-temporal2/agora-near/.next/server/app/delegates/page.js:1038:1)
    at __webpack_require__ (/Users/atomauro/agora-temporal2/agora-near/.next/server/webpack-runtime.js:33:43)
    at eval (./src/components/Layout/PageContainer.tsx:10:96)
    at (ssr)/./src/components/Layout/PageContainer.tsx (/Users/atomauro/agora-temporal2/agora-near/.next/server/app/delegates/page.js:1577:1)
    at __webpack_require__ (/Users/atomauro/agora-temporal2/agora-near/.next/server/webpack-runtime.js:33:43)
    at eval (./src/app/Web3Provider.tsx:8:90)
    at (ssr)/./src/app/Web3Provider.tsx (/Users/atomauro/agora-temporal2/agora-near/.next/server/app/delegates/page.js:620:1)
    at Object.__webpack_require__ [as require] (/Users/atomauro/agora-temporal2/agora-near/.next/server/webpack-runtime.js:33:43)
digest: "2147264609"
 ⨯ Error: ENOENT: no such file or directory, open '/Users/atomauro/agora-temporal2/agora-near/.next/browser/default-stylesheet.css'
    at Object.readFileSync (node:fs:442:20)
    at __webpack_require__ (/Users/atomauro/agora-temporal2/agora-near/.next/server/webpack-runtime.js:33:43)
    at __webpack_require__ (/Users/atomauro/agora-temporal2/agora-near/.next/server/webpack-runtime.js:33:43)
    at __webpack_require__ (/Users/atomauro/agora-temporal2/agora-near/.next/server/webpack-runtime.js:33:43)
    at __webpack_require__ (/Users/atomauro/agora-temporal2/agora-near/.next/server/webpack-runtime.js:33:43)
    at __webpack_require__ (/Users/atomauro/agora-temporal2/agora-near/.next/server/webpack-runtime.js:33:43)
    at __webpack_require__ (/Users/atomauro/agora-temporal2/agora-near/.next/server/webpack-runtime.js:33:43)
    at __webpack_require__ (/Users/atomauro/agora-temporal2/agora-near/.next/server/webpack-runtime.js:33:43)
    at __webpack_require__ (/Users/atomauro/agora-temporal2/agora-near/.next/server/webpack-runtime.js:33:43)
    at __webpack_require__ (/Users/atomauro/agora-temporal2/agora-near/.next/server/webpack-runtime.js:33:43)
    at eval (./src/lib/sanitizationUtils.ts:7:78)
    at (ssr)/./src/lib/sanitizationUtils.ts (/Users/atomauro/agora-temporal2/agora-near/.next/server/app/delegates/page.js:2743:1)
    at __webpack_require__ (/Users/atomauro/agora-temporal2/agora-near/.next/server/webpack-runtime.js:33:43)
    at eval (./src/components/Notifications/SubscribeDialog.tsx:19:81)
    at (ssr)/./src/components/Notifications/SubscribeDialog.tsx (/Users/atomauro/agora-temporal2/agora-near/.next/server/app/delegates/page.js:1654:1)
    at __webpack_require__ (/Users/atomauro/agora-temporal2/agora-near/.next/server/webpack-runtime.js:33:43)
    at eval (./src/components/Dialogs/DialogProvider/dialogs.tsx:17:100)
    at (ssr)/./src/components/Dialogs/DialogProvider/dialogs.tsx (/Users/atomauro/agora-temporal2/agora-near/.next/server/app/delegates/page.js:1049:1)
    at __webpack_require__ (/Users/atomauro/agora-temporal2/agora-near/.next/server/webpack-runtime.js:33:43)
    at eval (./src/components/Dialogs/DialogProvider/DialogProvider.tsx:11:66)
    at (ssr)/./src/components/Dialogs/DialogProvider/DialogProvider.tsx (/Users/atomauro/agora-temporal2/agora-near/.next/server/app/delegates/page.js:1038:1)
    at __webpack_require__ (/Users/atomauro/agora-temporal2/agora-near/.next/server/webpack-runtime.js:33:43)
    at eval (./src/components/Layout/PageContainer.tsx:10:96)
    at (ssr)/./src/components/Layout/PageContainer.tsx (/Users/atomauro/agora-temporal2/agora-near/.next/server/app/delegates/page.js:1577:1)
    at __webpack_require__ (/Users/atomauro/agora-temporal2/agora-near/.next/server/webpack-runtime.js:33:43)
    at eval (./src/app/Web3Provider.tsx:8:90)
    at (ssr)/./src/app/Web3Provider.tsx (/Users/atomauro/agora-temporal2/agora-near/.next/server/app/delegates/page.js:620:1)
    at Object.__webpack_require__ [as require] (/Users/atomauro/agora-temporal2/agora-near/.next/server/webpack-runtime.js:33:43)
digest: "2147264609"
 ⨯ Error: ENOENT: no such file or directory, open '/Users/atomauro/agora-temporal2/agora-near/.next/browser/default-stylesheet.css'
    at Object.readFileSync (node:fs:442:20)
    at __webpack_require__ (/Users/atomauro/agora-temporal2/agora-near/.next/server/webpack-runtime.js:33:43)
    at __webpack_require__ (/Users/atomauro/agora-temporal2/agora-near/.next/server/webpack-runtime.js:33:43)
    at __webpack_require__ (/Users/atomauro/agora-temporal2/agora-near/.next/server/webpack-runtime.js:33:43)
    at __webpack_require__ (/Users/atomauro/agora-temporal2/agora-near/.next/server/webpack-runtime.js:33:43)
    at __webpack_require__ (/Users/atomauro/agora-temporal2/agora-near/.next/server/webpack-runtime.js:33:43)
    at __webpack_require__ (/Users/atomauro/agora-temporal2/agora-near/.next/server/webpack-runtime.js:33:43)
    at __webpack_require__ (/Users/atomauro/agora-temporal2/agora-near/.next/server/webpack-runtime.js:33:43)
    at __webpack_require__ (/Users/atomauro/agora-temporal2/agora-near/.next/server/webpack-runtime.js:33:43)
    at __webpack_require__ (/Users/atomauro/agora-temporal2/agora-near/.next/server/webpack-runtime.js:33:43)
    at eval (./src/lib/sanitizationUtils.ts:7:78)
    at (ssr)/./src/lib/sanitizationUtils.ts (/Users/atomauro/agora-temporal2/agora-near/.next/server/app/delegates/[accountId]/page.js:2741:1)
    at __webpack_require__ (/Users/atomauro/agora-temporal2/agora-near/.next/server/webpack-runtime.js:33:43)
    at eval (./src/components/Notifications/SubscribeDialog.tsx:19:81)
    at (ssr)/./src/components/Notifications/SubscribeDialog.tsx (/Users/atomauro/agora-temporal2/agora-near/.next/server/app/delegates/[accountId]/page.js:1663:1)
    at __webpack_require__ (/Users/atomauro/agora-temporal2/agora-near/.next/server/webpack-runtime.js:33:43)
    at eval (./src/components/Dialogs/DialogProvider/dialogs.tsx:17:100)
    at (ssr)/./src/components/Dialogs/DialogProvider/dialogs.tsx (/Users/atomauro/agora-temporal2/agora-near/.next/server/app/delegates/[accountId]/page.js:1058:1)
    at __webpack_require__ (/Users/atomauro/agora-temporal2/agora-near/.next/server/webpack-runtime.js:33:43)
    at eval (./src/components/Dialogs/DialogProvider/DialogProvider.tsx:11:66)
    at (ssr)/./src/components/Dialogs/DialogProvider/DialogProvider.tsx (/Users/atomauro/agora-temporal2/agora-near/.next/server/app/delegates/[accountId]/page.js:1047:1)
    at __webpack_require__ (/Users/atomauro/agora-temporal2/agora-near/.next/server/webpack-runtime.js:33:43)
    at eval (./src/components/Layout/PageContainer.tsx:10:96)
    at (ssr)/./src/components/Layout/PageContainer.tsx (/Users/atomauro/agora-temporal2/agora-near/.next/server/app/delegates/[accountId]/page.js:1586:1)
    at __webpack_require__ (/Users/atomauro/agora-temporal2/agora-near/.next/server/webpack-runtime.js:33:43)
    at eval (./src/app/Web3Provider.tsx:8:90)
    at (ssr)/./src/app/Web3Provider.tsx (/Users/atomauro/agora-temporal2/agora-near/.next/server/app/delegates/[accountId]/page.js:651:1)
    at Object.__webpack_require__ [as require] (/Users/atomauro/agora-temporal2/agora-near/.next/server/webpack-runtime.js:33:43)
digest: "3311416743"
 GET /delegates?layout=list 500 in 255ms
 GET /delegates 500 in 256ms
 GET /delegates 500 in 268ms
 GET /delegates/whale.near 500 in 970ms
 ⨯ Error: ENOENT: no such file or directory, open '/Users/atomauro/agora-temporal2/agora-near/.next/browser/default-stylesheet.css'
    at Object.readFileSync (node:fs:442:20)
    at __webpack_require__ (/Users/atomauro/agora-temporal2/agora-near/.next/server/webpack-runtime.js:33:43)
    at __webpack_require__ (/Users/atomauro/agora-temporal2/agora-near/.next/server/webpack-runtime.js:33:43)
    at __webpack_require__ (/Users/atomauro/agora-temporal2/agora-near/.next/server/webpack-runtime.js:33:43)
    at __webpack_require__ (/Users/atomauro/agora-temporal2/agora-near/.next/server/webpack-runtime.js:33:43)
    at __webpack_require__ (/Users/atomauro/agora-temporal2/agora-near/.next/server/webpack-runtime.js:33:43)
    at __webpack_require__ (/Users/atomauro/agora-temporal2/agora-near/.next/server/webpack-runtime.js:33:43)
    at __webpack_require__ (/Users/atomauro/agora-temporal2/agora-near/.next/server/webpack-runtime.js:33:43)
    at __webpack_require__ (/Users/atomauro/agora-temporal2/agora-near/.next/server/webpack-runtime.js:33:43)
    at __webpack_require__ (/Users/atomauro/agora-temporal2/agora-near/.next/server/webpack-runtime.js:33:43)
    at eval (./src/lib/sanitizationUtils.ts:7:78)
    at (ssr)/./src/lib/sanitizationUtils.ts (/Users/atomauro/agora-temporal2/agora-near/.next/server/app/delegates/[accountId]/page.js:2741:1)
    at __webpack_require__ (/Users/atomauro/agora-temporal2/agora-near/.next/server/webpack-runtime.js:33:43)
    at eval (./src/components/Notifications/SubscribeDialog.tsx:19:81)
    at (ssr)/./src/components/Notifications/SubscribeDialog.tsx (/Users/atomauro/agora-temporal2/agora-near/.next/server/app/delegates/[accountId]/page.js:1663:1)
    at __webpack_require__ (/Users/atomauro/agora-temporal2/agora-near/.next/server/webpack-runtime.js:33:43)
    at eval (./src/components/Dialogs/DialogProvider/dialogs.tsx:17:100)
    at (ssr)/./src/components/Dialogs/DialogProvider/dialogs.tsx (/Users/atomauro/agora-temporal2/agora-near/.next/server/app/delegates/[accountId]/page.js:1058:1)
    at __webpack_require__ (/Users/atomauro/agora-temporal2/agora-near/.next/server/webpack-runtime.js:33:43)
    at eval (./src/components/Dialogs/DialogProvider/DialogProvider.tsx:11:66)
    at (ssr)/./src/components/Dialogs/DialogProvider/DialogProvider.tsx (/Users/atomauro/agora-temporal2/agora-near/.next/server/app/delegates/[accountId]/page.js:1047:1)
    at __webpack_require__ (/Users/atomauro/agora-temporal2/agora-near/.next/server/webpack-runtime.js:33:43)
    at eval (./src/components/Layout/PageContainer.tsx:10:96)
    at (ssr)/./src/components/Layout/PageContainer.tsx (/Users/atomauro/agora-temporal2/agora-near/.next/server/app/delegates/[accountId]/page.js:1586:1)
    at __webpack_require__ (/Users/atomauro/agora-temporal2/agora-near/.next/server/webpack-runtime.js:33:43)
    at eval (./src/app/Web3Provider.tsx:8:90)
    at (ssr)/./src/app/Web3Provider.tsx (/Users/atomauro/agora-temporal2/agora-near/.next/server/app/delegates/[accountId]/page.js:651:1)
    at Object.__webpack_require__ [as require] (/Users/atomauro/agora-temporal2/agora-near/.next/server/webpack-runtime.js:33:43)
digest: "3311416743"
 GET /Users/atomauro/agora-temporal2/agora-near/node_modules/playwright/lib/index.js 404 in 109ms
 ⨯ Error: ENOENT: no such file or directory, open '/Users/atomauro/agora-temporal2/agora-near/.next/browser/default-stylesheet.css'
    at Object.readFileSync (node:fs:442:20)
    at __webpack_require__ (/Users/atomauro/agora-temporal2/agora-near/.next/server/webpack-runtime.js:33:43)
    at __webpack_require__ (/Users/atomauro/agora-temporal2/agora-near/.next/server/webpack-runtime.js:33:43)
    at __webpack_require__ (/Users/atomauro/agora-temporal2/agora-near/.next/server/webpack-runtime.js:33:43)
    at __webpack_require__ (/Users/atomauro/agora-temporal2/agora-near/.next/server/webpack-runtime.js:33:43)
    at __webpack_require__ (/Users/atomauro/agora-temporal2/agora-near/.next/server/webpack-runtime.js:33:43)
    at __webpack_require__ (/Users/atomauro/agora-temporal2/agora-near/.next/server/webpack-runtime.js:33:43)
    at __webpack_require__ (/Users/atomauro/agora-temporal2/agora-near/.next/server/webpack-runtime.js:33:43)
    at __webpack_require__ (/Users/atomauro/agora-temporal2/agora-near/.next/server/webpack-runtime.js:33:43)
    at __webpack_require__ (/Users/atomauro/agora-temporal2/agora-near/.next/server/webpack-runtime.js:33:43)
    at eval (./src/lib/sanitizationUtils.ts:7:78)
    at (ssr)/./src/lib/sanitizationUtils.ts (/Users/atomauro/agora-temporal2/agora-near/.next/server/app/delegates/[accountId]/page.js:2741:1)
    at __webpack_require__ (/Users/atomauro/agora-temporal2/agora-near/.next/server/webpack-runtime.js:33:43)
    at eval (./src/components/Notifications/SubscribeDialog.tsx:19:81)
    at (ssr)/./src/components/Notifications/SubscribeDialog.tsx (/Users/atomauro/agora-temporal2/agora-near/.next/server/app/delegates/[accountId]/page.js:1663:1)
    at __webpack_require__ (/Users/atomauro/agora-temporal2/agora-near/.next/server/webpack-runtime.js:33:43)
    at eval (./src/components/Dialogs/DialogProvider/dialogs.tsx:17:100)
    at (ssr)/./src/components/Dialogs/DialogProvider/dialogs.tsx (/Users/atomauro/agora-temporal2/agora-near/.next/server/app/delegates/[accountId]/page.js:1058:1)
    at __webpack_require__ (/Users/atomauro/agora-temporal2/agora-near/.next/server/webpack-runtime.js:33:43)
    at eval (./src/components/Dialogs/DialogProvider/DialogProvider.tsx:11:66)
    at (ssr)/./src/components/Dialogs/DialogProvider/DialogProvider.tsx (/Users/atomauro/agora-temporal2/agora-near/.next/server/app/delegates/[accountId]/page.js:1047:1)
    at __webpack_require__ (/Users/atomauro/agora-temporal2/agora-near/.next/server/webpack-runtime.js:33:43)
    at eval (./src/components/Layout/PageContainer.tsx:10:96)
    at (ssr)/./src/components/Layout/PageContainer.tsx (/Users/atomauro/agora-temporal2/agora-near/.next/server/app/delegates/[accountId]/page.js:1586:1)
    at __webpack_require__ (/Users/atomauro/agora-temporal2/agora-near/.next/server/webpack-runtime.js:33:43)
    at eval (./src/app/Web3Provider.tsx:8:90)
    at (ssr)/./src/app/Web3Provider.tsx (/Users/atomauro/agora-temporal2/agora-near/.next/server/app/delegates/[accountId]/page.js:651:1)
    at Object.__webpack_require__ [as require] (/Users/atomauro/agora-temporal2/agora-near/.next/server/webpack-runtime.js:33:43)
digest: "3311416743"
 GET /Users/atomauro/agora-temporal2/agora-near/tests/voting-power.spec.ts 404 in 20ms
 ⨯ Error: ENOENT: no such file or directory, open '/Users/atomauro/agora-temporal2/agora-near/.next/browser/default-stylesheet.css'
    at Object.readFileSync (node:fs:442:20)
    at __webpack_require__ (/Users/atomauro/agora-temporal2/agora-near/.next/server/webpack-runtime.js:33:43)
    at __webpack_require__ (/Users/atomauro/agora-temporal2/agora-near/.next/server/webpack-runtime.js:33:43)
    at __webpack_require__ (/Users/atomauro/agora-temporal2/agora-near/.next/server/webpack-runtime.js:33:43)
    at __webpack_require__ (/Users/atomauro/agora-temporal2/agora-near/.next/server/webpack-runtime.js:33:43)
    at __webpack_require__ (/Users/atomauro/agora-temporal2/agora-near/.next/server/webpack-runtime.js:33:43)
    at __webpack_require__ (/Users/atomauro/agora-temporal2/agora-near/.next/server/webpack-runtime.js:33:43)
    at __webpack_require__ (/Users/atomauro/agora-temporal2/agora-near/.next/server/webpack-runtime.js:33:43)
    at __webpack_require__ (/Users/atomauro/agora-temporal2/agora-near/.next/server/webpack-runtime.js:33:43)
    at __webpack_require__ (/Users/atomauro/agora-temporal2/agora-near/.next/server/webpack-runtime.js:33:43)
    at eval (./src/lib/sanitizationUtils.ts:7:78)
    at (ssr)/./src/lib/sanitizationUtils.ts (/Users/atomauro/agora-temporal2/agora-near/.next/server/app/delegates/[accountId]/page.js:2741:1)
    at __webpack_require__ (/Users/atomauro/agora-temporal2/agora-near/.next/server/webpack-runtime.js:33:43)
    at eval (./src/components/Notifications/SubscribeDialog.tsx:19:81)
    at (ssr)/./src/components/Notifications/SubscribeDialog.tsx (/Users/atomauro/agora-temporal2/agora-near/.next/server/app/delegates/[accountId]/page.js:1663:1)
    at __webpack_require__ (/Users/atomauro/agora-temporal2/agora-near/.next/server/webpack-runtime.js:33:43)
    at eval (./src/components/Dialogs/DialogProvider/dialogs.tsx:17:100)
    at (ssr)/./src/components/Dialogs/DialogProvider/dialogs.tsx (/Users/atomauro/agora-temporal2/agora-near/.next/server/app/delegates/[accountId]/page.js:1058:1)
    at __webpack_require__ (/Users/atomauro/agora-temporal2/agora-near/.next/server/webpack-runtime.js:33:43)
    at eval (./src/components/Dialogs/DialogProvider/DialogProvider.tsx:11:66)
    at (ssr)/./src/components/Dialogs/DialogProvider/DialogProvider.tsx (/Users/atomauro/agora-temporal2/agora-near/.next/server/app/delegates/[accountId]/page.js:1047:1)
    at __webpack_require__ (/Users/atomauro/agora-temporal2/agora-near/.next/server/webpack-runtime.js:33:43)
    at eval (./src/components/Layout/PageContainer.tsx:10:96)
    at (ssr)/./src/components/Layout/PageContainer.tsx (/Users/atomauro/agora-temporal2/agora-near/.next/server/app/delegates/[accountId]/page.js:1586:1)
    at __webpack_require__ (/Users/atomauro/agora-temporal2/agora-near/.next/server/webpack-runtime.js:33:43)
    at eval (./src/app/Web3Provider.tsx:8:90)
    at (ssr)/./src/app/Web3Provider.tsx (/Users/atomauro/agora-temporal2/agora-near/.next/server/app/delegates/[accountId]/page.js:651:1)
    at Object.__webpack_require__ [as require] (/Users/atomauro/agora-temporal2/agora-near/.next/server/webpack-runtime.js:33:43)
digest: "3311416743"
 ⨯ Error: ENOENT: no such file or directory, open '/Users/atomauro/agora-temporal2/agora-near/.next/browser/default-stylesheet.css'
    at Object.readFileSync (node:fs:442:20)
    at __webpack_require__ (/Users/atomauro/agora-temporal2/agora-near/.next/server/webpack-runtime.js:33:43)
    at __webpack_require__ (/Users/atomauro/agora-temporal2/agora-near/.next/server/webpack-runtime.js:33:43)
    at __webpack_require__ (/Users/atomauro/agora-temporal2/agora-near/.next/server/webpack-runtime.js:33:43)
    at __webpack_require__ (/Users/atomauro/agora-temporal2/agora-near/.next/server/webpack-runtime.js:33:43)
    at __webpack_require__ (/Users/atomauro/agora-temporal2/agora-near/.next/server/webpack-runtime.js:33:43)
    at __webpack_require__ (/Users/atomauro/agora-temporal2/agora-near/.next/server/webpack-runtime.js:33:43)
    at __webpack_require__ (/Users/atomauro/agora-temporal2/agora-near/.next/server/webpack-runtime.js:33:43)
    at __webpack_require__ (/Users/atomauro/agora-temporal2/agora-near/.next/server/webpack-runtime.js:33:43)
    at __webpack_require__ (/Users/atomauro/agora-temporal2/agora-near/.next/server/webpack-runtime.js:33:43)
    at eval (./src/lib/sanitizationUtils.ts:7:78)
    at (ssr)/./src/lib/sanitizationUtils.ts (/Users/atomauro/agora-temporal2/agora-near/.next/server/app/delegates/[accountId]/page.js:2741:1)
    at __webpack_require__ (/Users/atomauro/agora-temporal2/agora-near/.next/server/webpack-runtime.js:33:43)
    at eval (./src/components/Notifications/SubscribeDialog.tsx:19:81)
    at (ssr)/./src/components/Notifications/SubscribeDialog.tsx (/Users/atomauro/agora-temporal2/agora-near/.next/server/app/delegates/[accountId]/page.js:1663:1)
    at __webpack_require__ (/Users/atomauro/agora-temporal2/agora-near/.next/server/webpack-runtime.js:33:43)
    at eval (./src/components/Dialogs/DialogProvider/dialogs.tsx:17:100)
    at (ssr)/./src/components/Dialogs/DialogProvider/dialogs.tsx (/Users/atomauro/agora-temporal2/agora-near/.next/server/app/delegates/[accountId]/page.js:1058:1)
    at __webpack_require__ (/Users/atomauro/agora-temporal2/agora-near/.next/server/webpack-runtime.js:33:43)
    at eval (./src/components/Dialogs/DialogProvider/DialogProvider.tsx:11:66)
    at (ssr)/./src/components/Dialogs/DialogProvider/DialogProvider.tsx (/Users/atomauro/agora-temporal2/agora-near/.next/server/app/delegates/[accountId]/page.js:1047:1)
    at __webpack_require__ (/Users/atomauro/agora-temporal2/agora-near/.next/server/webpack-runtime.js:33:43)
    at eval (./src/components/Layout/PageContainer.tsx:10:96)
    at (ssr)/./src/components/Layout/PageContainer.tsx (/Users/atomauro/agora-temporal2/agora-near/.next/server/app/delegates/[accountId]/page.js:1586:1)
    at __webpack_require__ (/Users/atomauro/agora-temporal2/agora-near/.next/server/webpack-runtime.js:33:43)
    at eval (./src/app/Web3Provider.tsx:8:90)
    at (ssr)/./src/app/Web3Provider.tsx (/Users/atomauro/agora-temporal2/agora-near/.next/server/app/delegates/[accountId]/page.js:651:1)
    at Object.__webpack_require__ [as require] (/Users/atomauro/agora-temporal2/agora-near/.next/server/webpack-runtime.js:33:43)
digest: "3311416743"
 ⨯ Error: ENOENT: no such file or directory, open '/Users/atomauro/agora-temporal2/agora-near/.next/browser/default-stylesheet.css'
    at Object.readFileSync (node:fs:442:20)
    at __webpack_require__ (/Users/atomauro/agora-temporal2/agora-near/.next/server/webpack-runtime.js:33:43)
    at __webpack_require__ (/Users/atomauro/agora-temporal2/agora-near/.next/server/webpack-runtime.js:33:43)
    at __webpack_require__ (/Users/atomauro/agora-temporal2/agora-near/.next/server/webpack-runtime.js:33:43)
    at __webpack_require__ (/Users/atomauro/agora-temporal2/agora-near/.next/server/webpack-runtime.js:33:43)
    at __webpack_require__ (/Users/atomauro/agora-temporal2/agora-near/.next/server/webpack-runtime.js:33:43)
    at __webpack_require__ (/Users/atomauro/agora-temporal2/agora-near/.next/server/webpack-runtime.js:33:43)
    at __webpack_require__ (/Users/atomauro/agora-temporal2/agora-near/.next/server/webpack-runtime.js:33:43)
    at __webpack_require__ (/Users/atomauro/agora-temporal2/agora-near/.next/server/webpack-runtime.js:33:43)
    at __webpack_require__ (/Users/atomauro/agora-temporal2/agora-near/.next/server/webpack-runtime.js:33:43)
    at eval (./src/lib/sanitizationUtils.ts:7:78)
    at (ssr)/./src/lib/sanitizationUtils.ts (/Users/atomauro/agora-temporal2/agora-near/.next/server/app/delegates/[accountId]/page.js:2741:1)
    at __webpack_require__ (/Users/atomauro/agora-temporal2/agora-near/.next/server/webpack-runtime.js:33:43)
    at eval (./src/components/Notifications/SubscribeDialog.tsx:19:81)
    at (ssr)/./src/components/Notifications/SubscribeDialog.tsx (/Users/atomauro/agora-temporal2/agora-near/.next/server/app/delegates/[accountId]/page.js:1663:1)
    at __webpack_require__ (/Users/atomauro/agora-temporal2/agora-near/.next/server/webpack-runtime.js:33:43)
    at eval (./src/components/Dialogs/DialogProvider/dialogs.tsx:17:100)
    at (ssr)/./src/components/Dialogs/DialogProvider/dialogs.tsx (/Users/atomauro/agora-temporal2/agora-near/.next/server/app/delegates/[accountId]/page.js:1058:1)
    at __webpack_require__ (/Users/atomauro/agora-temporal2/agora-near/.next/server/webpack-runtime.js:33:43)
    at eval (./src/components/Dialogs/DialogProvider/DialogProvider.tsx:11:66)
    at (ssr)/./src/components/Dialogs/DialogProvider/DialogProvider.tsx (/Users/atomauro/agora-temporal2/agora-near/.next/server/app/delegates/[accountId]/page.js:1047:1)
    at __webpack_require__ (/Users/atomauro/agora-temporal2/agora-near/.next/server/webpack-runtime.js:33:43)
    at eval (./src/components/Layout/PageContainer.tsx:10:96)
    at (ssr)/./src/components/Layout/PageContainer.tsx (/Users/atomauro/agora-temporal2/agora-near/.next/server/app/delegates/[accountId]/page.js:1586:1)
    at __webpack_require__ (/Users/atomauro/agora-temporal2/agora-near/.next/server/webpack-runtime.js:33:43)
    at eval (./src/app/Web3Provider.tsx:8:90)
    at (ssr)/./src/app/Web3Provider.tsx (/Users/atomauro/agora-temporal2/agora-near/.next/server/app/delegates/[accountId]/page.js:651:1)
    at Object.__webpack_require__ [as require] (/Users/atomauro/agora-temporal2/agora-near/.next/server/webpack-runtime.js:33:43)
digest: "3311416743"
 ⨯ Error: ENOENT: no such file or directory, open '/Users/atomauro/agora-temporal2/agora-near/.next/browser/default-stylesheet.css'
    at Object.readFileSync (node:fs:442:20)
    at __webpack_require__ (/Users/atomauro/agora-temporal2/agora-near/.next/server/webpack-runtime.js:33:43)
    at __webpack_require__ (/Users/atomauro/agora-temporal2/agora-near/.next/server/webpack-runtime.js:33:43)
    at __webpack_require__ (/Users/atomauro/agora-temporal2/agora-near/.next/server/webpack-runtime.js:33:43)
    at __webpack_require__ (/Users/atomauro/agora-temporal2/agora-near/.next/server/webpack-runtime.js:33:43)
    at __webpack_require__ (/Users/atomauro/agora-temporal2/agora-near/.next/server/webpack-runtime.js:33:43)
    at __webpack_require__ (/Users/atomauro/agora-temporal2/agora-near/.next/server/webpack-runtime.js:33:43)
    at __webpack_require__ (/Users/atomauro/agora-temporal2/agora-near/.next/server/webpack-runtime.js:33:43)
    at __webpack_require__ (/Users/atomauro/agora-temporal2/agora-near/.next/server/webpack-runtime.js:33:43)
    at __webpack_require__ (/Users/atomauro/agora-temporal2/agora-near/.next/server/webpack-runtime.js:33:43)
    at eval (./src/lib/sanitizationUtils.ts:7:78)
    at (ssr)/./src/lib/sanitizationUtils.ts (/Users/atomauro/agora-temporal2/agora-near/.next/server/app/delegates/[accountId]/page.js:2741:1)
    at __webpack_require__ (/Users/atomauro/agora-temporal2/agora-near/.next/server/webpack-runtime.js:33:43)
    at eval (./src/components/Notifications/SubscribeDialog.tsx:19:81)
    at (ssr)/./src/components/Notifications/SubscribeDialog.tsx (/Users/atomauro/agora-temporal2/agora-near/.next/server/app/delegates/[accountId]/page.js:1663:1)
    at __webpack_require__ (/Users/atomauro/agora-temporal2/agora-near/.next/server/webpack-runtime.js:33:43)
    at eval (./src/components/Dialogs/DialogProvider/dialogs.tsx:17:100)
    at (ssr)/./src/components/Dialogs/DialogProvider/dialogs.tsx (/Users/atomauro/agora-temporal2/agora-near/.next/server/app/delegates/[accountId]/page.js:1058:1)
    at __webpack_require__ (/Users/atomauro/agora-temporal2/agora-near/.next/server/webpack-runtime.js:33:43)
    at eval (./src/components/Dialogs/DialogProvider/DialogProvider.tsx:11:66)
    at (ssr)/./src/components/Dialogs/DialogProvider/DialogProvider.tsx (/Users/atomauro/agora-temporal2/agora-near/.next/server/app/delegates/[accountId]/page.js:1047:1)
    at __webpack_require__ (/Users/atomauro/agora-temporal2/agora-near/.next/server/webpack-runtime.js:33:43)
    at eval (./src/components/Layout/PageContainer.tsx:10:96)
    at (ssr)/./src/components/Layout/PageContainer.tsx (/Users/atomauro/agora-temporal2/agora-near/.next/server/app/delegates/[accountId]/page.js:1586:1)
    at __webpack_require__ (/Users/atomauro/agora-temporal2/agora-near/.next/server/webpack-runtime.js:33:43)
    at eval (./src/app/Web3Provider.tsx:8:90)
    at (ssr)/./src/app/Web3Provider.tsx (/Users/atomauro/agora-temporal2/agora-near/.next/server/app/delegates/[accountId]/page.js:651:1)
    at Object.__webpack_require__ [as require] (/Users/atomauro/agora-temporal2/agora-near/.next/server/webpack-runtime.js:33:43)
digest: "3311416743"
 GET /delegates 500 in 239ms
 GET /delegates 500 in 245ms
 GET /delegates?layout=list 500 in 241ms
 GET /delegates/whale.near 500 in 761ms
 ⨯ Error: ENOENT: no such file or directory, open '/Users/atomauro/agora-temporal2/agora-near/.next/browser/default-stylesheet.css'
    at Object.readFileSync (node:fs:442:20)
    at __webpack_require__ (/Users/atomauro/agora-temporal2/agora-near/.next/server/webpack-runtime.js:33:43)
    at __webpack_require__ (/Users/atomauro/agora-temporal2/agora-near/.next/server/webpack-runtime.js:33:43)
    at __webpack_require__ (/Users/atomauro/agora-temporal2/agora-near/.next/server/webpack-runtime.js:33:43)
    at __webpack_require__ (/Users/atomauro/agora-temporal2/agora-near/.next/server/webpack-runtime.js:33:43)
    at __webpack_require__ (/Users/atomauro/agora-temporal2/agora-near/.next/server/webpack-runtime.js:33:43)
    at __webpack_require__ (/Users/atomauro/agora-temporal2/agora-near/.next/server/webpack-runtime.js:33:43)
    at __webpack_require__ (/Users/atomauro/agora-temporal2/agora-near/.next/server/webpack-runtime.js:33:43)
    at __webpack_require__ (/Users/atomauro/agora-temporal2/agora-near/.next/server/webpack-runtime.js:33:43)
    at __webpack_require__ (/Users/atomauro/agora-temporal2/agora-near/.next/server/webpack-runtime.js:33:43)
    at eval (./src/lib/sanitizationUtils.ts:7:78)
    at (ssr)/./src/lib/sanitizationUtils.ts (/Users/atomauro/agora-temporal2/agora-near/.next/server/app/delegates/[accountId]/page.js:2741:1)
    at __webpack_require__ (/Users/atomauro/agora-temporal2/agora-near/.next/server/webpack-runtime.js:33:43)
    at eval (./src/components/Notifications/SubscribeDialog.tsx:19:81)
    at (ssr)/./src/components/Notifications/SubscribeDialog.tsx (/Users/atomauro/agora-temporal2/agora-near/.next/server/app/delegates/[accountId]/page.js:1663:1)
    at __webpack_require__ (/Users/atomauro/agora-temporal2/agora-near/.next/server/webpack-runtime.js:33:43)
    at eval (./src/components/Dialogs/DialogProvider/dialogs.tsx:17:100)
    at (ssr)/./src/components/Dialogs/DialogProvider/dialogs.tsx (/Users/atomauro/agora-temporal2/agora-near/.next/server/app/delegates/[accountId]/page.js:1058:1)
    at __webpack_require__ (/Users/atomauro/agora-temporal2/agora-near/.next/server/webpack-runtime.js:33:43)
    at eval (./src/components/Dialogs/DialogProvider/DialogProvider.tsx:11:66)
    at (ssr)/./src/components/Dialogs/DialogProvider/DialogProvider.tsx (/Users/atomauro/agora-temporal2/agora-near/.next/server/app/delegates/[accountId]/page.js:1047:1)
    at __webpack_require__ (/Users/atomauro/agora-temporal2/agora-near/.next/server/webpack-runtime.js:33:43)
    at eval (./src/components/Layout/PageContainer.tsx:10:96)
    at (ssr)/./src/components/Layout/PageContainer.tsx (/Users/atomauro/agora-temporal2/agora-near/.next/server/app/delegates/[accountId]/page.js:1586:1)
    at __webpack_require__ (/Users/atomauro/agora-temporal2/agora-near/.next/server/webpack-runtime.js:33:43)
    at eval (./src/app/Web3Provider.tsx:8:90)
    at (ssr)/./src/app/Web3Provider.tsx (/Users/atomauro/agora-temporal2/agora-near/.next/server/app/delegates/[accountId]/page.js:651:1)
    at Object.__webpack_require__ [as require] (/Users/atomauro/agora-temporal2/agora-near/.next/server/webpack-runtime.js:33:43)
digest: "3311416743"
 GET /delegates/whale.near 500 in 659ms
 ⨯ Error: ENOENT: no such file or directory, open '/Users/atomauro/agora-temporal2/agora-near/.next/browser/default-stylesheet.css'
    at Object.readFileSync (node:fs:442:20)
    at __webpack_require__ (/Users/atomauro/agora-temporal2/agora-near/.next/server/webpack-runtime.js:33:43)
    at __webpack_require__ (/Users/atomauro/agora-temporal2/agora-near/.next/server/webpack-runtime.js:33:43)
    at __webpack_require__ (/Users/atomauro/agora-temporal2/agora-near/.next/server/webpack-runtime.js:33:43)
    at __webpack_require__ (/Users/atomauro/agora-temporal2/agora-near/.next/server/webpack-runtime.js:33:43)
    at __webpack_require__ (/Users/atomauro/agora-temporal2/agora-near/.next/server/webpack-runtime.js:33:43)
    at __webpack_require__ (/Users/atomauro/agora-temporal2/agora-near/.next/server/webpack-runtime.js:33:43)
    at __webpack_require__ (/Users/atomauro/agora-temporal2/agora-near/.next/server/webpack-runtime.js:33:43)
    at __webpack_require__ (/Users/atomauro/agora-temporal2/agora-near/.next/server/webpack-runtime.js:33:43)
    at __webpack_require__ (/Users/atomauro/agora-temporal2/agora-near/.next/server/webpack-runtime.js:33:43)
    at eval (./src/lib/sanitizationUtils.ts:7:78)
    at (ssr)/./src/lib/sanitizationUtils.ts (/Users/atomauro/agora-temporal2/agora-near/.next/server/app/delegates/[accountId]/page.js:2741:1)
    at __webpack_require__ (/Users/atomauro/agora-temporal2/agora-near/.next/server/webpack-runtime.js:33:43)
    at eval (./src/components/Notifications/SubscribeDialog.tsx:19:81)
    at (ssr)/./src/components/Notifications/SubscribeDialog.tsx (/Users/atomauro/agora-temporal2/agora-near/.next/server/app/delegates/[accountId]/page.js:1663:1)
    at __webpack_require__ (/Users/atomauro/agora-temporal2/agora-near/.next/server/webpack-runtime.js:33:43)
    at eval (./src/components/Dialogs/DialogProvider/dialogs.tsx:17:100)
    at (ssr)/./src/components/Dialogs/DialogProvider/dialogs.tsx (/Users/atomauro/agora-temporal2/agora-near/.next/server/app/delegates/[accountId]/page.js:1058:1)
    at __webpack_require__ (/Users/atomauro/agora-temporal2/agora-near/.next/server/webpack-runtime.js:33:43)
    at eval (./src/components/Dialogs/DialogProvider/DialogProvider.tsx:11:66)
    at (ssr)/./src/components/Dialogs/DialogProvider/DialogProvider.tsx (/Users/atomauro/agora-temporal2/agora-near/.next/server/app/delegates/[accountId]/page.js:1047:1)
    at __webpack_require__ (/Users/atomauro/agora-temporal2/agora-near/.next/server/webpack-runtime.js:33:43)
    at eval (./src/components/Layout/PageContainer.tsx:10:96)
    at (ssr)/./src/components/Layout/PageContainer.tsx (/Users/atomauro/agora-temporal2/agora-near/.next/server/app/delegates/[accountId]/page.js:1586:1)
    at __webpack_require__ (/Users/atomauro/agora-temporal2/agora-near/.next/server/webpack-runtime.js:33:43)
    at eval (./src/app/Web3Provider.tsx:8:90)
    at (ssr)/./src/app/Web3Provider.tsx (/Users/atomauro/agora-temporal2/agora-near/.next/server/app/delegates/[accountId]/page.js:651:1)
    at Object.__webpack_require__ [as require] (/Users/atomauro/agora-temporal2/agora-near/.next/server/webpack-runtime.js:33:43)
digest: "3311416743"
 GET /Users/atomauro/agora-temporal2/agora-near/node_modules/playwright/lib/index.js 404 in 131ms
 ⨯ Error: ENOENT: no such file or directory, open '/Users/atomauro/agora-temporal2/agora-near/.next/browser/default-stylesheet.css'
    at Object.readFileSync (node:fs:442:20)
    at __webpack_require__ (/Users/atomauro/agora-temporal2/agora-near/.next/server/webpack-runtime.js:33:43)
    at __webpack_require__ (/Users/atomauro/agora-temporal2/agora-near/.next/server/webpack-runtime.js:33:43)
    at __webpack_require__ (/Users/atomauro/agora-temporal2/agora-near/.next/server/webpack-runtime.js:33:43)
    at __webpack_require__ (/Users/atomauro/agora-temporal2/agora-near/.next/server/webpack-runtime.js:33:43)
    at __webpack_require__ (/Users/atomauro/agora-temporal2/agora-near/.next/server/webpack-runtime.js:33:43)
    at __webpack_require__ (/Users/atomauro/agora-temporal2/agora-near/.next/server/webpack-runtime.js:33:43)
    at __webpack_require__ (/Users/atomauro/agora-temporal2/agora-near/.next/server/webpack-runtime.js:33:43)
    at __webpack_require__ (/Users/atomauro/agora-temporal2/agora-near/.next/server/webpack-runtime.js:33:43)
    at __webpack_require__ (/Users/atomauro/agora-temporal2/agora-near/.next/server/webpack-runtime.js:33:43)
    at eval (./src/lib/sanitizationUtils.ts:7:78)
    at (ssr)/./src/lib/sanitizationUtils.ts (/Users/atomauro/agora-temporal2/agora-near/.next/server/app/delegates/[accountId]/page.js:2741:1)
    at __webpack_require__ (/Users/atomauro/agora-temporal2/agora-near/.next/server/webpack-runtime.js:33:43)
    at eval (./src/components/Notifications/SubscribeDialog.tsx:19:81)
    at (ssr)/./src/components/Notifications/SubscribeDialog.tsx (/Users/atomauro/agora-temporal2/agora-near/.next/server/app/delegates/[accountId]/page.js:1663:1)
    at __webpack_require__ (/Users/atomauro/agora-temporal2/agora-near/.next/server/webpack-runtime.js:33:43)
    at eval (./src/components/Dialogs/DialogProvider/dialogs.tsx:17:100)
    at (ssr)/./src/components/Dialogs/DialogProvider/dialogs.tsx (/Users/atomauro/agora-temporal2/agora-near/.next/server/app/delegates/[accountId]/page.js:1058:1)
    at __webpack_require__ (/Users/atomauro/agora-temporal2/agora-near/.next/server/webpack-runtime.js:33:43)
    at eval (./src/components/Dialogs/DialogProvider/DialogProvider.tsx:11:66)
    at (ssr)/./src/components/Dialogs/DialogProvider/DialogProvider.tsx (/Users/atomauro/agora-temporal2/agora-near/.next/server/app/delegates/[accountId]/page.js:1047:1)
    at __webpack_require__ (/Users/atomauro/agora-temporal2/agora-near/.next/server/webpack-runtime.js:33:43)
    at eval (./src/components/Layout/PageContainer.tsx:10:96)
    at (ssr)/./src/components/Layout/PageContainer.tsx (/Users/atomauro/agora-temporal2/agora-near/.next/server/app/delegates/[accountId]/page.js:1586:1)
    at __webpack_require__ (/Users/atomauro/agora-temporal2/agora-near/.next/server/webpack-runtime.js:33:43)
    at eval (./src/app/Web3Provider.tsx:8:90)
    at (ssr)/./src/app/Web3Provider.tsx (/Users/atomauro/agora-temporal2/agora-near/.next/server/app/delegates/[accountId]/page.js:651:1)
    at Object.__webpack_require__ [as require] (/Users/atomauro/agora-temporal2/agora-near/.next/server/webpack-runtime.js:33:43)
digest: "3311416743"
 GET /Users/atomauro/agora-temporal2/agora-near/tests/voting-power.spec.ts 404 in 29ms
 ⨯ Error: ENOENT: no such file or directory, open '/Users/atomauro/agora-temporal2/agora-near/.next/browser/default-stylesheet.css'
    at Object.readFileSync (node:fs:442:20)
    at __webpack_require__ (/Users/atomauro/agora-temporal2/agora-near/.next/server/webpack-runtime.js:33:43)
    at __webpack_require__ (/Users/atomauro/agora-temporal2/agora-near/.next/server/webpack-runtime.js:33:43)
    at __webpack_require__ (/Users/atomauro/agora-temporal2/agora-near/.next/server/webpack-runtime.js:33:43)
    at __webpack_require__ (/Users/atomauro/agora-temporal2/agora-near/.next/server/webpack-runtime.js:33:43)
    at __webpack_require__ (/Users/atomauro/agora-temporal2/agora-near/.next/server/webpack-runtime.js:33:43)
    at __webpack_require__ (/Users/atomauro/agora-temporal2/agora-near/.next/server/webpack-runtime.js:33:43)
    at __webpack_require__ (/Users/atomauro/agora-temporal2/agora-near/.next/server/webpack-runtime.js:33:43)
    at __webpack_require__ (/Users/atomauro/agora-temporal2/agora-near/.next/server/webpack-runtime.js:33:43)
    at __webpack_require__ (/Users/atomauro/agora-temporal2/agora-near/.next/server/webpack-runtime.js:33:43)
    at eval (./src/lib/sanitizationUtils.ts:7:78)
    at (ssr)/./src/lib/sanitizationUtils.ts (/Users/atomauro/agora-temporal2/agora-near/.next/server/app/delegates/[accountId]/page.js:2741:1)
    at __webpack_require__ (/Users/atomauro/agora-temporal2/agora-near/.next/server/webpack-runtime.js:33:43)
    at eval (./src/components/Notifications/SubscribeDialog.tsx:19:81)
    at (ssr)/./src/components/Notifications/SubscribeDialog.tsx (/Users/atomauro/agora-temporal2/agora-near/.next/server/app/delegates/[accountId]/page.js:1663:1)
    at __webpack_require__ (/Users/atomauro/agora-temporal2/agora-near/.next/server/webpack-runtime.js:33:43)
    at eval (./src/components/Dialogs/DialogProvider/dialogs.tsx:17:100)
    at (ssr)/./src/components/Dialogs/DialogProvider/dialogs.tsx (/Users/atomauro/agora-temporal2/agora-near/.next/server/app/delegates/[accountId]/page.js:1058:1)
    at __webpack_require__ (/Users/atomauro/agora-temporal2/agora-near/.next/server/webpack-runtime.js:33:43)
    at eval (./src/components/Dialogs/DialogProvider/DialogProvider.tsx:11:66)
    at (ssr)/./src/components/Dialogs/DialogProvider/DialogProvider.tsx (/Users/atomauro/agora-temporal2/agora-near/.next/server/app/delegates/[accountId]/page.js:1047:1)
    at __webpack_require__ (/Users/atomauro/agora-temporal2/agora-near/.next/server/webpack-runtime.js:33:43)
    at eval (./src/components/Layout/PageContainer.tsx:10:96)
    at (ssr)/./src/components/Layout/PageContainer.tsx (/Users/atomauro/agora-temporal2/agora-near/.next/server/app/delegates/[accountId]/page.js:1586:1)
    at __webpack_require__ (/Users/atomauro/agora-temporal2/agora-near/.next/server/webpack-runtime.js:33:43)
    at eval (./src/app/Web3Provider.tsx:8:90)
    at (ssr)/./src/app/Web3Provider.tsx (/Users/atomauro/agora-temporal2/agora-near/.next/server/app/delegates/[accountId]/page.js:651:1)
    at Object.__webpack_require__ [as require] (/Users/atomauro/agora-temporal2/agora-near/.next/server/webpack-runtime.js:33:43)
digest: "3311416743"
 ⨯ Error: ENOENT: no such file or directory, open '/Users/atomauro/agora-temporal2/agora-near/.next/browser/default-stylesheet.css'
    at Object.readFileSync (node:fs:442:20)
    at __webpack_require__ (/Users/atomauro/agora-temporal2/agora-near/.next/server/webpack-runtime.js:33:43)
    at __webpack_require__ (/Users/atomauro/agora-temporal2/agora-near/.next/server/webpack-runtime.js:33:43)
    at __webpack_require__ (/Users/atomauro/agora-temporal2/agora-near/.next/server/webpack-runtime.js:33:43)
    at __webpack_require__ (/Users/atomauro/agora-temporal2/agora-near/.next/server/webpack-runtime.js:33:43)
    at __webpack_require__ (/Users/atomauro/agora-temporal2/agora-near/.next/server/webpack-runtime.js:33:43)
    at __webpack_require__ (/Users/atomauro/agora-temporal2/agora-near/.next/server/webpack-runtime.js:33:43)
    at __webpack_require__ (/Users/atomauro/agora-temporal2/agora-near/.next/server/webpack-runtime.js:33:43)
    at __webpack_require__ (/Users/atomauro/agora-temporal2/agora-near/.next/server/webpack-runtime.js:33:43)
    at __webpack_require__ (/Users/atomauro/agora-temporal2/agora-near/.next/server/webpack-runtime.js:33:43)
    at eval (./src/lib/sanitizationUtils.ts:7:78)
    at (ssr)/./src/lib/sanitizationUtils.ts (/Users/atomauro/agora-temporal2/agora-near/.next/server/app/delegates/[accountId]/page.js:2741:1)
    at __webpack_require__ (/Users/atomauro/agora-temporal2/agora-near/.next/server/webpack-runtime.js:33:43)
    at eval (./src/components/Notifications/SubscribeDialog.tsx:19:81)
    at (ssr)/./src/components/Notifications/SubscribeDialog.tsx (/Users/atomauro/agora-temporal2/agora-near/.next/server/app/delegates/[accountId]/page.js:1663:1)
    at __webpack_require__ (/Users/atomauro/agora-temporal2/agora-near/.next/server/webpack-runtime.js:33:43)
    at eval (./src/components/Dialogs/DialogProvider/dialogs.tsx:17:100)
    at (ssr)/./src/components/Dialogs/DialogProvider/dialogs.tsx (/Users/atomauro/agora-temporal2/agora-near/.next/server/app/delegates/[accountId]/page.js:1058:1)
    at __webpack_require__ (/Users/atomauro/agora-temporal2/agora-near/.next/server/webpack-runtime.js:33:43)
    at eval (./src/components/Dialogs/DialogProvider/DialogProvider.tsx:11:66)
    at (ssr)/./src/components/Dialogs/DialogProvider/DialogProvider.tsx (/Users/atomauro/agora-temporal2/agora-near/.next/server/app/delegates/[accountId]/page.js:1047:1)
    at __webpack_require__ (/Users/atomauro/agora-temporal2/agora-near/.next/server/webpack-runtime.js:33:43)
    at eval (./src/components/Layout/PageContainer.tsx:10:96)
    at (ssr)/./src/components/Layout/PageContainer.tsx (/Users/atomauro/agora-temporal2/agora-near/.next/server/app/delegates/[accountId]/page.js:1586:1)
    at __webpack_require__ (/Users/atomauro/agora-temporal2/agora-near/.next/server/webpack-runtime.js:33:43)
    at eval (./src/app/Web3Provider.tsx:8:90)
    at (ssr)/./src/app/Web3Provider.tsx (/Users/atomauro/agora-temporal2/agora-near/.next/server/app/delegates/[accountId]/page.js:651:1)
    at Object.__webpack_require__ [as require] (/Users/atomauro/agora-temporal2/agora-near/.next/server/webpack-runtime.js:33:43)
digest: "3311416743"
 ⨯ Error: ENOENT: no such file or directory, open '/Users/atomauro/agora-temporal2/agora-near/.next/browser/default-stylesheet.css'
    at Object.readFileSync (node:fs:442:20)
    at __webpack_require__ (/Users/atomauro/agora-temporal2/agora-near/.next/server/webpack-runtime.js:33:43)
    at __webpack_require__ (/Users/atomauro/agora-temporal2/agora-near/.next/server/webpack-runtime.js:33:43)
    at __webpack_require__ (/Users/atomauro/agora-temporal2/agora-near/.next/server/webpack-runtime.js:33:43)
    at __webpack_require__ (/Users/atomauro/agora-temporal2/agora-near/.next/server/webpack-runtime.js:33:43)
    at __webpack_require__ (/Users/atomauro/agora-temporal2/agora-near/.next/server/webpack-runtime.js:33:43)
    at __webpack_require__ (/Users/atomauro/agora-temporal2/agora-near/.next/server/webpack-runtime.js:33:43)
    at __webpack_require__ (/Users/atomauro/agora-temporal2/agora-near/.next/server/webpack-runtime.js:33:43)
    at __webpack_require__ (/Users/atomauro/agora-temporal2/agora-near/.next/server/webpack-runtime.js:33:43)
    at __webpack_require__ (/Users/atomauro/agora-temporal2/agora-near/.next/server/webpack-runtime.js:33:43)
    at eval (./src/lib/sanitizationUtils.ts:7:78)
    at (ssr)/./src/lib/sanitizationUtils.ts (/Users/atomauro/agora-temporal2/agora-near/.next/server/app/delegates/[accountId]/page.js:2741:1)
    at __webpack_require__ (/Users/atomauro/agora-temporal2/agora-near/.next/server/webpack-runtime.js:33:43)
    at eval (./src/components/Notifications/SubscribeDialog.tsx:19:81)
    at (ssr)/./src/components/Notifications/SubscribeDialog.tsx (/Users/atomauro/agora-temporal2/agora-near/.next/server/app/delegates/[accountId]/page.js:1663:1)
    at __webpack_require__ (/Users/atomauro/agora-temporal2/agora-near/.next/server/webpack-runtime.js:33:43)
    at eval (./src/components/Dialogs/DialogProvider/dialogs.tsx:17:100)
    at (ssr)/./src/components/Dialogs/DialogProvider/dialogs.tsx (/Users/atomauro/agora-temporal2/agora-near/.next/server/app/delegates/[accountId]/page.js:1058:1)
    at __webpack_require__ (/Users/atomauro/agora-temporal2/agora-near/.next/server/webpack-runtime.js:33:43)
    at eval (./src/components/Dialogs/DialogProvider/DialogProvider.tsx:11:66)
    at (ssr)/./src/components/Dialogs/DialogProvider/DialogProvider.tsx (/Users/atomauro/agora-temporal2/agora-near/.next/server/app/delegates/[accountId]/page.js:1047:1)
    at __webpack_require__ (/Users/atomauro/agora-temporal2/agora-near/.next/server/webpack-runtime.js:33:43)
    at eval (./src/components/Layout/PageContainer.tsx:10:96)
    at (ssr)/./src/components/Layout/PageContainer.tsx (/Users/atomauro/agora-temporal2/agora-near/.next/server/app/delegates/[accountId]/page.js:1586:1)
    at __webpack_require__ (/Users/atomauro/agora-temporal2/agora-near/.next/server/webpack-runtime.js:33:43)
    at eval (./src/app/Web3Provider.tsx:8:90)
    at (ssr)/./src/app/Web3Provider.tsx (/Users/atomauro/agora-temporal2/agora-near/.next/server/app/delegates/[accountId]/page.js:651:1)
    at Object.__webpack_require__ [as require] (/Users/atomauro/agora-temporal2/agora-near/.next/server/webpack-runtime.js:33:43)
digest: "3311416743"
 ⨯ Error: ENOENT: no such file or directory, open '/Users/atomauro/agora-temporal2/agora-near/.next/browser/default-stylesheet.css'
    at Object.readFileSync (node:fs:442:20)
    at __webpack_require__ (/Users/atomauro/agora-temporal2/agora-near/.next/server/webpack-runtime.js:33:43)
    at __webpack_require__ (/Users/atomauro/agora-temporal2/agora-near/.next/server/webpack-runtime.js:33:43)
    at __webpack_require__ (/Users/atomauro/agora-temporal2/agora-near/.next/server/webpack-runtime.js:33:43)
    at __webpack_require__ (/Users/atomauro/agora-temporal2/agora-near/.next/server/webpack-runtime.js:33:43)
    at __webpack_require__ (/Users/atomauro/agora-temporal2/agora-near/.next/server/webpack-runtime.js:33:43)
    at __webpack_require__ (/Users/atomauro/agora-temporal2/agora-near/.next/server/webpack-runtime.js:33:43)
    at __webpack_require__ (/Users/atomauro/agora-temporal2/agora-near/.next/server/webpack-runtime.js:33:43)
    at __webpack_require__ (/Users/atomauro/agora-temporal2/agora-near/.next/server/webpack-runtime.js:33:43)
    at __webpack_require__ (/Users/atomauro/agora-temporal2/agora-near/.next/server/webpack-runtime.js:33:43)
    at eval (./src/lib/sanitizationUtils.ts:7:78)
    at (ssr)/./src/lib/sanitizationUtils.ts (/Users/atomauro/agora-temporal2/agora-near/.next/server/app/delegates/[accountId]/page.js:2741:1)
    at __webpack_require__ (/Users/atomauro/agora-temporal2/agora-near/.next/server/webpack-runtime.js:33:43)
    at eval (./src/components/Notifications/SubscribeDialog.tsx:19:81)
    at (ssr)/./src/components/Notifications/SubscribeDialog.tsx (/Users/atomauro/agora-temporal2/agora-near/.next/server/app/delegates/[accountId]/page.js:1663:1)
    at __webpack_require__ (/Users/atomauro/agora-temporal2/agora-near/.next/server/webpack-runtime.js:33:43)
    at eval (./src/components/Dialogs/DialogProvider/dialogs.tsx:17:100)
    at (ssr)/./src/components/Dialogs/DialogProvider/dialogs.tsx (/Users/atomauro/agora-temporal2/agora-near/.next/server/app/delegates/[accountId]/page.js:1058:1)
    at __webpack_require__ (/Users/atomauro/agora-temporal2/agora-near/.next/server/webpack-runtime.js:33:43)
    at eval (./src/components/Dialogs/DialogProvider/DialogProvider.tsx:11:66)
    at (ssr)/./src/components/Dialogs/DialogProvider/DialogProvider.tsx (/Users/atomauro/agora-temporal2/agora-near/.next/server/app/delegates/[accountId]/page.js:1047:1)
    at __webpack_require__ (/Users/atomauro/agora-temporal2/agora-near/.next/server/webpack-runtime.js:33:43)
    at eval (./src/components/Layout/PageContainer.tsx:10:96)
    at (ssr)/./src/components/Layout/PageContainer.tsx (/Users/atomauro/agora-temporal2/agora-near/.next/server/app/delegates/[accountId]/page.js:1586:1)
    at __webpack_require__ (/Users/atomauro/agora-temporal2/agora-near/.next/server/webpack-runtime.js:33:43)
    at eval (./src/app/Web3Provider.tsx:8:90)
    at (ssr)/./src/app/Web3Provider.tsx (/Users/atomauro/agora-temporal2/agora-near/.next/server/app/delegates/[accountId]/page.js:651:1)
    at Object.__webpack_require__ [as require] (/Users/atomauro/agora-temporal2/agora-near/.next/server/webpack-runtime.js:33:43)
digest: "3311416743"
 GET /delegates 500 in 484ms
 GET /delegates 500 in 536ms
 GET /delegates?layout=list 500 in 512ms
 GET /delegates/whale.near 500 in 819ms
 ⨯ Error: ENOENT: no such file or directory, open '/Users/atomauro/agora-temporal2/agora-near/.next/browser/default-stylesheet.css'
    at Object.readFileSync (node:fs:442:20)
    at __webpack_require__ (/Users/atomauro/agora-temporal2/agora-near/.next/server/webpack-runtime.js:33:43)
    at __webpack_require__ (/Users/atomauro/agora-temporal2/agora-near/.next/server/webpack-runtime.js:33:43)
    at __webpack_require__ (/Users/atomauro/agora-temporal2/agora-near/.next/server/webpack-runtime.js:33:43)
    at __webpack_require__ (/Users/atomauro/agora-temporal2/agora-near/.next/server/webpack-runtime.js:33:43)
    at __webpack_require__ (/Users/atomauro/agora-temporal2/agora-near/.next/server/webpack-runtime.js:33:43)
    at __webpack_require__ (/Users/atomauro/agora-temporal2/agora-near/.next/server/webpack-runtime.js:33:43)
    at __webpack_require__ (/Users/atomauro/agora-temporal2/agora-near/.next/server/webpack-runtime.js:33:43)
    at __webpack_require__ (/Users/atomauro/agora-temporal2/agora-near/.next/server/webpack-runtime.js:33:43)
    at __webpack_require__ (/Users/atomauro/agora-temporal2/agora-near/.next/server/webpack-runtime.js:33:43)
    at eval (./src/lib/sanitizationUtils.ts:7:78)
    at (ssr)/./src/lib/sanitizationUtils.ts (/Users/atomauro/agora-temporal2/agora-near/.next/server/app/delegates/[accountId]/page.js:2741:1)
    at __webpack_require__ (/Users/atomauro/agora-temporal2/agora-near/.next/server/webpack-runtime.js:33:43)
    at eval (./src/components/Notifications/SubscribeDialog.tsx:19:81)
    at (ssr)/./src/components/Notifications/SubscribeDialog.tsx (/Users/atomauro/agora-temporal2/agora-near/.next/server/app/delegates/[accountId]/page.js:1663:1)
    at __webpack_require__ (/Users/atomauro/agora-temporal2/agora-near/.next/server/webpack-runtime.js:33:43)
    at eval (./src/components/Dialogs/DialogProvider/dialogs.tsx:17:100)
    at (ssr)/./src/components/Dialogs/DialogProvider/dialogs.tsx (/Users/atomauro/agora-temporal2/agora-near/.next/server/app/delegates/[accountId]/page.js:1058:1)
    at __webpack_require__ (/Users/atomauro/agora-temporal2/agora-near/.next/server/webpack-runtime.js:33:43)
    at eval (./src/components/Dialogs/DialogProvider/DialogProvider.tsx:11:66)
    at (ssr)/./src/components/Dialogs/DialogProvider/DialogProvider.tsx (/Users/atomauro/agora-temporal2/agora-near/.next/server/app/delegates/[accountId]/page.js:1047:1)
    at __webpack_require__ (/Users/atomauro/agora-temporal2/agora-near/.next/server/webpack-runtime.js:33:43)
    at eval (./src/components/Layout/PageContainer.tsx:10:96)
    at (ssr)/./src/components/Layout/PageContainer.tsx (/Users/atomauro/agora-temporal2/agora-near/.next/server/app/delegates/[accountId]/page.js:1586:1)
    at __webpack_require__ (/Users/atomauro/agora-temporal2/agora-near/.next/server/webpack-runtime.js:33:43)
    at eval (./src/app/Web3Provider.tsx:8:90)
    at (ssr)/./src/app/Web3Provider.tsx (/Users/atomauro/agora-temporal2/agora-near/.next/server/app/delegates/[accountId]/page.js:651:1)
    at Object.__webpack_require__ [as require] (/Users/atomauro/agora-temporal2/agora-near/.next/server/webpack-runtime.js:33:43)
digest: "3311416743"
 GET /Users/atomauro/agora-temporal2/agora-near/node_modules/playwright/lib/index.js 404 in 543ms
 ⨯ Error: ENOENT: no such file or directory, open '/Users/atomauro/agora-temporal2/agora-near/.next/browser/default-stylesheet.css'
    at Object.readFileSync (node:fs:442:20)
    at __webpack_require__ (/Users/atomauro/agora-temporal2/agora-near/.next/server/webpack-runtime.js:33:43)
    at __webpack_require__ (/Users/atomauro/agora-temporal2/agora-near/.next/server/webpack-runtime.js:33:43)
    at __webpack_require__ (/Users/atomauro/agora-temporal2/agora-near/.next/server/webpack-runtime.js:33:43)
    at __webpack_require__ (/Users/atomauro/agora-temporal2/agora-near/.next/server/webpack-runtime.js:33:43)
    at __webpack_require__ (/Users/atomauro/agora-temporal2/agora-near/.next/server/webpack-runtime.js:33:43)
    at __webpack_require__ (/Users/atomauro/agora-temporal2/agora-near/.next/server/webpack-runtime.js:33:43)
    at __webpack_require__ (/Users/atomauro/agora-temporal2/agora-near/.next/server/webpack-runtime.js:33:43)
    at __webpack_require__ (/Users/atomauro/agora-temporal2/agora-near/.next/server/webpack-runtime.js:33:43)
    at __webpack_require__ (/Users/atomauro/agora-temporal2/agora-near/.next/server/webpack-runtime.js:33:43)
    at eval (./src/lib/sanitizationUtils.ts:7:78)
    at (ssr)/./src/lib/sanitizationUtils.ts (/Users/atomauro/agora-temporal2/agora-near/.next/server/app/delegates/[accountId]/page.js:2741:1)
    at __webpack_require__ (/Users/atomauro/agora-temporal2/agora-near/.next/server/webpack-runtime.js:33:43)
    at eval (./src/components/Notifications/SubscribeDialog.tsx:19:81)
    at (ssr)/./src/components/Notifications/SubscribeDialog.tsx (/Users/atomauro/agora-temporal2/agora-near/.next/server/app/delegates/[accountId]/page.js:1663:1)
    at __webpack_require__ (/Users/atomauro/agora-temporal2/agora-near/.next/server/webpack-runtime.js:33:43)
    at eval (./src/components/Dialogs/DialogProvider/dialogs.tsx:17:100)
    at (ssr)/./src/components/Dialogs/DialogProvider/dialogs.tsx (/Users/atomauro/agora-temporal2/agora-near/.next/server/app/delegates/[accountId]/page.js:1058:1)
    at __webpack_require__ (/Users/atomauro/agora-temporal2/agora-near/.next/server/webpack-runtime.js:33:43)
    at eval (./src/components/Dialogs/DialogProvider/DialogProvider.tsx:11:66)
    at (ssr)/./src/components/Dialogs/DialogProvider/DialogProvider.tsx (/Users/atomauro/agora-temporal2/agora-near/.next/server/app/delegates/[accountId]/page.js:1047:1)
    at __webpack_require__ (/Users/atomauro/agora-temporal2/agora-near/.next/server/webpack-runtime.js:33:43)
    at eval (./src/components/Layout/PageContainer.tsx:10:96)
    at (ssr)/./src/components/Layout/PageContainer.tsx (/Users/atomauro/agora-temporal2/agora-near/.next/server/app/delegates/[accountId]/page.js:1586:1)
    at __webpack_require__ (/Users/atomauro/agora-temporal2/agora-near/.next/server/webpack-runtime.js:33:43)
    at eval (./src/app/Web3Provider.tsx:8:90)
    at (ssr)/./src/app/Web3Provider.tsx (/Users/atomauro/agora-temporal2/agora-near/.next/server/app/delegates/[accountId]/page.js:651:1)
    at Object.__webpack_require__ [as require] (/Users/atomauro/agora-temporal2/agora-near/.next/server/webpack-runtime.js:33:43)
digest: "3311416743"
 GET /Users/atomauro/agora-temporal2/agora-near/tests/voting-power.spec.ts 404 in 402ms
 ⨯ Error: ENOENT: no such file or directory, open '/Users/atomauro/agora-temporal2/agora-near/.next/browser/default-stylesheet.css'
    at Object.readFileSync (node:fs:442:20)
    at __webpack_require__ (/Users/atomauro/agora-temporal2/agora-near/.next/server/webpack-runtime.js:33:43)
    at __webpack_require__ (/Users/atomauro/agora-temporal2/agora-near/.next/server/webpack-runtime.js:33:43)
    at __webpack_require__ (/Users/atomauro/agora-temporal2/agora-near/.next/server/webpack-runtime.js:33:43)
    at __webpack_require__ (/Users/atomauro/agora-temporal2/agora-near/.next/server/webpack-runtime.js:33:43)
    at __webpack_require__ (/Users/atomauro/agora-temporal2/agora-near/.next/server/webpack-runtime.js:33:43)
    at __webpack_require__ (/Users/atomauro/agora-temporal2/agora-near/.next/server/webpack-runtime.js:33:43)
    at __webpack_require__ (/Users/atomauro/agora-temporal2/agora-near/.next/server/webpack-runtime.js:33:43)
    at __webpack_require__ (/Users/atomauro/agora-temporal2/agora-near/.next/server/webpack-runtime.js:33:43)
    at __webpack_require__ (/Users/atomauro/agora-temporal2/agora-near/.next/server/webpack-runtime.js:33:43)
    at eval (./src/lib/sanitizationUtils.ts:7:78)
    at (ssr)/./src/lib/sanitizationUtils.ts (/Users/atomauro/agora-temporal2/agora-near/.next/server/app/delegates/[accountId]/page.js:2741:1)
    at __webpack_require__ (/Users/atomauro/agora-temporal2/agora-near/.next/server/webpack-runtime.js:33:43)
    at eval (./src/components/Notifications/SubscribeDialog.tsx:19:81)
    at (ssr)/./src/components/Notifications/SubscribeDialog.tsx (/Users/atomauro/agora-temporal2/agora-near/.next/server/app/delegates/[accountId]/page.js:1663:1)
    at __webpack_require__ (/Users/atomauro/agora-temporal2/agora-near/.next/server/webpack-runtime.js:33:43)
    at eval (./src/components/Dialogs/DialogProvider/dialogs.tsx:17:100)
    at (ssr)/./src/components/Dialogs/DialogProvider/dialogs.tsx (/Users/atomauro/agora-temporal2/agora-near/.next/server/app/delegates/[accountId]/page.js:1058:1)
    at __webpack_require__ (/Users/atomauro/agora-temporal2/agora-near/.next/server/webpack-runtime.js:33:43)
    at eval (./src/components/Dialogs/DialogProvider/DialogProvider.tsx:11:66)
    at (ssr)/./src/components/Dialogs/DialogProvider/DialogProvider.tsx (/Users/atomauro/agora-temporal2/agora-near/.next/server/app/delegates/[accountId]/page.js:1047:1)
    at __webpack_require__ (/Users/atomauro/agora-temporal2/agora-near/.next/server/webpack-runtime.js:33:43)
    at eval (./src/components/Layout/PageContainer.tsx:10:96)
    at (ssr)/./src/components/Layout/PageContainer.tsx (/Users/atomauro/agora-temporal2/agora-near/.next/server/app/delegates/[accountId]/page.js:1586:1)
    at __webpack_require__ (/Users/atomauro/agora-temporal2/agora-near/.next/server/webpack-runtime.js:33:43)
    at eval (./src/app/Web3Provider.tsx:8:90)
    at (ssr)/./src/app/Web3Provider.tsx (/Users/atomauro/agora-temporal2/agora-near/.next/server/app/delegates/[accountId]/page.js:651:1)
    at Object.__webpack_require__ [as require] (/Users/atomauro/agora-temporal2/agora-near/.next/server/webpack-runtime.js:33:43)
digest: "3311416743"
 ⨯ Error: ENOENT: no such file or directory, open '/Users/atomauro/agora-temporal2/agora-near/.next/browser/default-stylesheet.css'
    at Object.readFileSync (node:fs:442:20)
    at __webpack_require__ (/Users/atomauro/agora-temporal2/agora-near/.next/server/webpack-runtime.js:33:43)
    at __webpack_require__ (/Users/atomauro/agora-temporal2/agora-near/.next/server/webpack-runtime.js:33:43)
    at __webpack_require__ (/Users/atomauro/agora-temporal2/agora-near/.next/server/webpack-runtime.js:33:43)
    at __webpack_require__ (/Users/atomauro/agora-temporal2/agora-near/.next/server/webpack-runtime.js:33:43)
    at __webpack_require__ (/Users/atomauro/agora-temporal2/agora-near/.next/server/webpack-runtime.js:33:43)
    at __webpack_require__ (/Users/atomauro/agora-temporal2/agora-near/.next/server/webpack-runtime.js:33:43)
    at __webpack_require__ (/Users/atomauro/agora-temporal2/agora-near/.next/server/webpack-runtime.js:33:43)
    at __webpack_require__ (/Users/atomauro/agora-temporal2/agora-near/.next/server/webpack-runtime.js:33:43)
    at __webpack_require__ (/Users/atomauro/agora-temporal2/agora-near/.next/server/webpack-runtime.js:33:43)
    at eval (./src/lib/sanitizationUtils.ts:7:78)
    at (ssr)/./src/lib/sanitizationUtils.ts (/Users/atomauro/agora-temporal2/agora-near/.next/server/app/delegates/[accountId]/page.js:2741:1)
    at __webpack_require__ (/Users/atomauro/agora-temporal2/agora-near/.next/server/webpack-runtime.js:33:43)
    at eval (./src/components/Notifications/SubscribeDialog.tsx:19:81)
    at (ssr)/./src/components/Notifications/SubscribeDialog.tsx (/Users/atomauro/agora-temporal2/agora-near/.next/server/app/delegates/[accountId]/page.js:1663:1)
    at __webpack_require__ (/Users/atomauro/agora-temporal2/agora-near/.next/server/webpack-runtime.js:33:43)
    at eval (./src/components/Dialogs/DialogProvider/dialogs.tsx:17:100)
    at (ssr)/./src/components/Dialogs/DialogProvider/dialogs.tsx (/Users/atomauro/agora-temporal2/agora-near/.next/server/app/delegates/[accountId]/page.js:1058:1)
    at __webpack_require__ (/Users/atomauro/agora-temporal2/agora-near/.next/server/webpack-runtime.js:33:43)
    at eval (./src/components/Dialogs/DialogProvider/DialogProvider.tsx:11:66)
    at (ssr)/./src/components/Dialogs/DialogProvider/DialogProvider.tsx (/Users/atomauro/agora-temporal2/agora-near/.next/server/app/delegates/[accountId]/page.js:1047:1)
    at __webpack_require__ (/Users/atomauro/agora-temporal2/agora-near/.next/server/webpack-runtime.js:33:43)
    at eval (./src/components/Layout/PageContainer.tsx:10:96)
    at (ssr)/./src/components/Layout/PageContainer.tsx (/Users/atomauro/agora-temporal2/agora-near/.next/server/app/delegates/[accountId]/page.js:1586:1)
    at __webpack_require__ (/Users/atomauro/agora-temporal2/agora-near/.next/server/webpack-runtime.js:33:43)
    at eval (./src/app/Web3Provider.tsx:8:90)
    at (ssr)/./src/app/Web3Provider.tsx (/Users/atomauro/agora-temporal2/agora-near/.next/server/app/delegates/[accountId]/page.js:651:1)
    at Object.__webpack_require__ [as require] (/Users/atomauro/agora-temporal2/agora-near/.next/server/webpack-runtime.js:33:43)
digest: "3311416743"
 ⨯ Error: ENOENT: no such file or directory, open '/Users/atomauro/agora-temporal2/agora-near/.next/browser/default-stylesheet.css'
    at Object.readFileSync (node:fs:442:20)
    at __webpack_require__ (/Users/atomauro/agora-temporal2/agora-near/.next/server/webpack-runtime.js:33:43)
    at __webpack_require__ (/Users/atomauro/agora-temporal2/agora-near/.next/server/webpack-runtime.js:33:43)
    at __webpack_require__ (/Users/atomauro/agora-temporal2/agora-near/.next/server/webpack-runtime.js:33:43)
    at __webpack_require__ (/Users/atomauro/agora-temporal2/agora-near/.next/server/webpack-runtime.js:33:43)
    at __webpack_require__ (/Users/atomauro/agora-temporal2/agora-near/.next/server/webpack-runtime.js:33:43)
    at __webpack_require__ (/Users/atomauro/agora-temporal2/agora-near/.next/server/webpack-runtime.js:33:43)
    at __webpack_require__ (/Users/atomauro/agora-temporal2/agora-near/.next/server/webpack-runtime.js:33:43)
    at __webpack_require__ (/Users/atomauro/agora-temporal2/agora-near/.next/server/webpack-runtime.js:33:43)
    at __webpack_require__ (/Users/atomauro/agora-temporal2/agora-near/.next/server/webpack-runtime.js:33:43)
    at eval (./src/lib/sanitizationUtils.ts:7:78)
    at (ssr)/./src/lib/sanitizationUtils.ts (/Users/atomauro/agora-temporal2/agora-near/.next/server/app/delegates/[accountId]/page.js:2741:1)
    at __webpack_require__ (/Users/atomauro/agora-temporal2/agora-near/.next/server/webpack-runtime.js:33:43)
    at eval (./src/components/Notifications/SubscribeDialog.tsx:19:81)
    at (ssr)/./src/components/Notifications/SubscribeDialog.tsx (/Users/atomauro/agora-temporal2/agora-near/.next/server/app/delegates/[accountId]/page.js:1663:1)
    at __webpack_require__ (/Users/atomauro/agora-temporal2/agora-near/.next/server/webpack-runtime.js:33:43)
    at eval (./src/components/Dialogs/DialogProvider/dialogs.tsx:17:100)
    at (ssr)/./src/components/Dialogs/DialogProvider/dialogs.tsx (/Users/atomauro/agora-temporal2/agora-near/.next/server/app/delegates/[accountId]/page.js:1058:1)
    at __webpack_require__ (/Users/atomauro/agora-temporal2/agora-near/.next/server/webpack-runtime.js:33:43)
    at eval (./src/components/Dialogs/DialogProvider/DialogProvider.tsx:11:66)
    at (ssr)/./src/components/Dialogs/DialogProvider/DialogProvider.tsx (/Users/atomauro/agora-temporal2/agora-near/.next/server/app/delegates/[accountId]/page.js:1047:1)
    at __webpack_require__ (/Users/atomauro/agora-temporal2/agora-near/.next/server/webpack-runtime.js:33:43)
    at eval (./src/components/Layout/PageContainer.tsx:10:96)
    at (ssr)/./src/components/Layout/PageContainer.tsx (/Users/atomauro/agora-temporal2/agora-near/.next/server/app/delegates/[accountId]/page.js:1586:1)
    at __webpack_require__ (/Users/atomauro/agora-temporal2/agora-near/.next/server/webpack-runtime.js:33:43)
    at eval (./src/app/Web3Provider.tsx:8:90)
    at (ssr)/./src/app/Web3Provider.tsx (/Users/atomauro/agora-temporal2/agora-near/.next/server/app/delegates/[accountId]/page.js:651:1)
    at Object.__webpack_require__ [as require] (/Users/atomauro/agora-temporal2/agora-near/.next/server/webpack-runtime.js:33:43)
digest: "3311416743"
 ⨯ Error: ENOENT: no such file or directory, open '/Users/atomauro/agora-temporal2/agora-near/.next/browser/default-stylesheet.css'
    at Object.readFileSync (node:fs:442:20)
    at __webpack_require__ (/Users/atomauro/agora-temporal2/agora-near/.next/server/webpack-runtime.js:33:43)
    at __webpack_require__ (/Users/atomauro/agora-temporal2/agora-near/.next/server/webpack-runtime.js:33:43)
    at __webpack_require__ (/Users/atomauro/agora-temporal2/agora-near/.next/server/webpack-runtime.js:33:43)
    at __webpack_require__ (/Users/atomauro/agora-temporal2/agora-near/.next/server/webpack-runtime.js:33:43)
    at __webpack_require__ (/Users/atomauro/agora-temporal2/agora-near/.next/server/webpack-runtime.js:33:43)
    at __webpack_require__ (/Users/atomauro/agora-temporal2/agora-near/.next/server/webpack-runtime.js:33:43)
    at __webpack_require__ (/Users/atomauro/agora-temporal2/agora-near/.next/server/webpack-runtime.js:33:43)
    at __webpack_require__ (/Users/atomauro/agora-temporal2/agora-near/.next/server/webpack-runtime.js:33:43)
    at __webpack_require__ (/Users/atomauro/agora-temporal2/agora-near/.next/server/webpack-runtime.js:33:43)
    at eval (./src/lib/sanitizationUtils.ts:7:78)
    at (ssr)/./src/lib/sanitizationUtils.ts (/Users/atomauro/agora-temporal2/agora-near/.next/server/app/delegates/[accountId]/page.js:2741:1)
    at __webpack_require__ (/Users/atomauro/agora-temporal2/agora-near/.next/server/webpack-runtime.js:33:43)
    at eval (./src/components/Notifications/SubscribeDialog.tsx:19:81)
    at (ssr)/./src/components/Notifications/SubscribeDialog.tsx (/Users/atomauro/agora-temporal2/agora-near/.next/server/app/delegates/[accountId]/page.js:1663:1)
    at __webpack_require__ (/Users/atomauro/agora-temporal2/agora-near/.next/server/webpack-runtime.js:33:43)
    at eval (./src/components/Dialogs/DialogProvider/dialogs.tsx:17:100)
    at (ssr)/./src/components/Dialogs/DialogProvider/dialogs.tsx (/Users/atomauro/agora-temporal2/agora-near/.next/server/app/delegates/[accountId]/page.js:1058:1)
    at __webpack_require__ (/Users/atomauro/agora-temporal2/agora-near/.next/server/webpack-runtime.js:33:43)
    at eval (./src/components/Dialogs/DialogProvider/DialogProvider.tsx:11:66)
    at (ssr)/./src/components/Dialogs/DialogProvider/DialogProvider.tsx (/Users/atomauro/agora-temporal2/agora-near/.next/server/app/delegates/[accountId]/page.js:1047:1)
    at __webpack_require__ (/Users/atomauro/agora-temporal2/agora-near/.next/server/webpack-runtime.js:33:43)
    at eval (./src/components/Layout/PageContainer.tsx:10:96)
    at (ssr)/./src/components/Layout/PageContainer.tsx (/Users/atomauro/agora-temporal2/agora-near/.next/server/app/delegates/[accountId]/page.js:1586:1)
    at __webpack_require__ (/Users/atomauro/agora-temporal2/agora-near/.next/server/webpack-runtime.js:33:43)
    at eval (./src/app/Web3Provider.tsx:8:90)
    at (ssr)/./src/app/Web3Provider.tsx (/Users/atomauro/agora-temporal2/agora-near/.next/server/app/delegates/[accountId]/page.js:651:1)
    at Object.__webpack_require__ [as require] (/Users/atomauro/agora-temporal2/agora-near/.next/server/webpack-runtime.js:33:43)
digest: "3311416743"
 GET /delegates?layout=list 500 in 824ms
 GET /delegates 500 in 819ms
 GET /delegates 500 in 830ms
 GET /delegates/whale.near 500 in 1450ms
 ⨯ Error: ENOENT: no such file or directory, open '/Users/atomauro/agora-temporal2/agora-near/.next/browser/default-stylesheet.css'
    at Object.readFileSync (node:fs:442:20)
    at __webpack_require__ (/Users/atomauro/agora-temporal2/agora-near/.next/server/webpack-runtime.js:33:43)
    at __webpack_require__ (/Users/atomauro/agora-temporal2/agora-near/.next/server/webpack-runtime.js:33:43)
    at __webpack_require__ (/Users/atomauro/agora-temporal2/agora-near/.next/server/webpack-runtime.js:33:43)
    at __webpack_require__ (/Users/atomauro/agora-temporal2/agora-near/.next/server/webpack-runtime.js:33:43)
    at __webpack_require__ (/Users/atomauro/agora-temporal2/agora-near/.next/server/webpack-runtime.js:33:43)
    at __webpack_require__ (/Users/atomauro/agora-temporal2/agora-near/.next/server/webpack-runtime.js:33:43)
    at __webpack_require__ (/Users/atomauro/agora-temporal2/agora-near/.next/server/webpack-runtime.js:33:43)
    at __webpack_require__ (/Users/atomauro/agora-temporal2/agora-near/.next/server/webpack-runtime.js:33:43)
    at __webpack_require__ (/Users/atomauro/agora-temporal2/agora-near/.next/server/webpack-runtime.js:33:43)
    at eval (./src/lib/sanitizationUtils.ts:7:78)
    at (ssr)/./src/lib/sanitizationUtils.ts (/Users/atomauro/agora-temporal2/agora-near/.next/server/app/delegates/[accountId]/page.js:2741:1)
    at __webpack_require__ (/Users/atomauro/agora-temporal2/agora-near/.next/server/webpack-runtime.js:33:43)
    at eval (./src/components/Notifications/SubscribeDialog.tsx:19:81)
    at (ssr)/./src/components/Notifications/SubscribeDialog.tsx (/Users/atomauro/agora-temporal2/agora-near/.next/server/app/delegates/[accountId]/page.js:1663:1)
    at __webpack_require__ (/Users/atomauro/agora-temporal2/agora-near/.next/server/webpack-runtime.js:33:43)
    at eval (./src/components/Dialogs/DialogProvider/dialogs.tsx:17:100)
    at (ssr)/./src/components/Dialogs/DialogProvider/dialogs.tsx (/Users/atomauro/agora-temporal2/agora-near/.next/server/app/delegates/[accountId]/page.js:1058:1)
    at __webpack_require__ (/Users/atomauro/agora-temporal2/agora-near/.next/server/webpack-runtime.js:33:43)
    at eval (./src/components/Dialogs/DialogProvider/DialogProvider.tsx:11:66)
    at (ssr)/./src/components/Dialogs/DialogProvider/DialogProvider.tsx (/Users/atomauro/agora-temporal2/agora-near/.next/server/app/delegates/[accountId]/page.js:1047:1)
    at __webpack_require__ (/Users/atomauro/agora-temporal2/agora-near/.next/server/webpack-runtime.js:33:43)
    at eval (./src/components/Layout/PageContainer.tsx:10:96)
    at (ssr)/./src/components/Layout/PageContainer.tsx (/Users/atomauro/agora-temporal2/agora-near/.next/server/app/delegates/[accountId]/page.js:1586:1)
    at __webpack_require__ (/Users/atomauro/agora-temporal2/agora-near/.next/server/webpack-runtime.js:33:43)
    at eval (./src/app/Web3Provider.tsx:8:90)
    at (ssr)/./src/app/Web3Provider.tsx (/Users/atomauro/agora-temporal2/agora-near/.next/server/app/delegates/[accountId]/page.js:651:1)
    at Object.__webpack_require__ [as require] (/Users/atomauro/agora-temporal2/agora-near/.next/server/webpack-runtime.js:33:43)
digest: "3311416743"
 GET /delegates/whale.near 500 in 621ms
 ⨯ Error: ENOENT: no such file or directory, open '/Users/atomauro/agora-temporal2/agora-near/.next/browser/default-stylesheet.css'
    at Object.readFileSync (node:fs:442:20)
    at __webpack_require__ (/Users/atomauro/agora-temporal2/agora-near/.next/server/webpack-runtime.js:33:43)
    at __webpack_require__ (/Users/atomauro/agora-temporal2/agora-near/.next/server/webpack-runtime.js:33:43)
    at __webpack_require__ (/Users/atomauro/agora-temporal2/agora-near/.next/server/webpack-runtime.js:33:43)
    at __webpack_require__ (/Users/atomauro/agora-temporal2/agora-near/.next/server/webpack-runtime.js:33:43)
    at __webpack_require__ (/Users/atomauro/agora-temporal2/agora-near/.next/server/webpack-runtime.js:33:43)
    at __webpack_require__ (/Users/atomauro/agora-temporal2/agora-near/.next/server/webpack-runtime.js:33:43)
    at __webpack_require__ (/Users/atomauro/agora-temporal2/agora-near/.next/server/webpack-runtime.js:33:43)
    at __webpack_require__ (/Users/atomauro/agora-temporal2/agora-near/.next/server/webpack-runtime.js:33:43)
    at __webpack_require__ (/Users/atomauro/agora-temporal2/agora-near/.next/server/webpack-runtime.js:33:43)
    at eval (./src/lib/sanitizationUtils.ts:7:78)
    at (ssr)/./src/lib/sanitizationUtils.ts (/Users/atomauro/agora-temporal2/agora-near/.next/server/app/delegates/[accountId]/page.js:2741:1)
    at __webpack_require__ (/Users/atomauro/agora-temporal2/agora-near/.next/server/webpack-runtime.js:33:43)
    at eval (./src/components/Notifications/SubscribeDialog.tsx:19:81)
    at (ssr)/./src/components/Notifications/SubscribeDialog.tsx (/Users/atomauro/agora-temporal2/agora-near/.next/server/app/delegates/[accountId]/page.js:1663:1)
    at __webpack_require__ (/Users/atomauro/agora-temporal2/agora-near/.next/server/webpack-runtime.js:33:43)
    at eval (./src/components/Dialogs/DialogProvider/dialogs.tsx:17:100)
    at (ssr)/./src/components/Dialogs/DialogProvider/dialogs.tsx (/Users/atomauro/agora-temporal2/agora-near/.next/server/app/delegates/[accountId]/page.js:1058:1)
    at __webpack_require__ (/Users/atomauro/agora-temporal2/agora-near/.next/server/webpack-runtime.js:33:43)
    at eval (./src/components/Dialogs/DialogProvider/DialogProvider.tsx:11:66)
    at (ssr)/./src/components/Dialogs/DialogProvider/DialogProvider.tsx (/Users/atomauro/agora-temporal2/agora-near/.next/server/app/delegates/[accountId]/page.js:1047:1)
    at __webpack_require__ (/Users/atomauro/agora-temporal2/agora-near/.next/server/webpack-runtime.js:33:43)
    at eval (./src/components/Layout/PageContainer.tsx:10:96)
    at (ssr)/./src/components/Layout/PageContainer.tsx (/Users/atomauro/agora-temporal2/agora-near/.next/server/app/delegates/[accountId]/page.js:1586:1)
    at __webpack_require__ (/Users/atomauro/agora-temporal2/agora-near/.next/server/webpack-runtime.js:33:43)
    at eval (./src/app/Web3Provider.tsx:8:90)
    at (ssr)/./src/app/Web3Provider.tsx (/Users/atomauro/agora-temporal2/agora-near/.next/server/app/delegates/[accountId]/page.js:651:1)
    at Object.__webpack_require__ [as require] (/Users/atomauro/agora-temporal2/agora-near/.next/server/webpack-runtime.js:33:43)
digest: "3311416743"
 ⨯ Error: ENOENT: no such file or directory, open '/Users/atomauro/agora-temporal2/agora-near/.next/browser/default-stylesheet.css'
    at Object.readFileSync (node:fs:442:20)
    at __webpack_require__ (/Users/atomauro/agora-temporal2/agora-near/.next/server/webpack-runtime.js:33:43)
    at __webpack_require__ (/Users/atomauro/agora-temporal2/agora-near/.next/server/webpack-runtime.js:33:43)
    at __webpack_require__ (/Users/atomauro/agora-temporal2/agora-near/.next/server/webpack-runtime.js:33:43)
    at __webpack_require__ (/Users/atomauro/agora-temporal2/agora-near/.next/server/webpack-runtime.js:33:43)
    at __webpack_require__ (/Users/atomauro/agora-temporal2/agora-near/.next/server/webpack-runtime.js:33:43)
    at __webpack_require__ (/Users/atomauro/agora-temporal2/agora-near/.next/server/webpack-runtime.js:33:43)
    at __webpack_require__ (/Users/atomauro/agora-temporal2/agora-near/.next/server/webpack-runtime.js:33:43)
    at __webpack_require__ (/Users/atomauro/agora-temporal2/agora-near/.next/server/webpack-runtime.js:33:43)
    at __webpack_require__ (/Users/atomauro/agora-temporal2/agora-near/.next/server/webpack-runtime.js:33:43)
    at eval (./src/lib/sanitizationUtils.ts:7:78)
    at (ssr)/./src/lib/sanitizationUtils.ts (/Users/atomauro/agora-temporal2/agora-near/.next/server/app/delegates/[accountId]/page.js:2741:1)
    at __webpack_require__ (/Users/atomauro/agora-temporal2/agora-near/.next/server/webpack-runtime.js:33:43)
    at eval (./src/components/Notifications/SubscribeDialog.tsx:19:81)
    at (ssr)/./src/components/Notifications/SubscribeDialog.tsx (/Users/atomauro/agora-temporal2/agora-near/.next/server/app/delegates/[accountId]/page.js:1663:1)
    at __webpack_require__ (/Users/atomauro/agora-temporal2/agora-near/.next/server/webpack-runtime.js:33:43)
    at eval (./src/components/Dialogs/DialogProvider/dialogs.tsx:17:100)
    at (ssr)/./src/components/Dialogs/DialogProvider/dialogs.tsx (/Users/atomauro/agora-temporal2/agora-near/.next/server/app/delegates/[accountId]/page.js:1058:1)
    at __webpack_require__ (/Users/atomauro/agora-temporal2/agora-near/.next/server/webpack-runtime.js:33:43)
    at eval (./src/components/Dialogs/DialogProvider/DialogProvider.tsx:11:66)
    at (ssr)/./src/components/Dialogs/DialogProvider/DialogProvider.tsx (/Users/atomauro/agora-temporal2/agora-near/.next/server/app/delegates/[accountId]/page.js:1047:1)
    at __webpack_require__ (/Users/atomauro/agora-temporal2/agora-near/.next/server/webpack-runtime.js:33:43)
    at eval (./src/components/Layout/PageContainer.tsx:10:96)
    at (ssr)/./src/components/Layout/PageContainer.tsx (/Users/atomauro/agora-temporal2/agora-near/.next/server/app/delegates/[accountId]/page.js:1586:1)
    at __webpack_require__ (/Users/atomauro/agora-temporal2/agora-near/.next/server/webpack-runtime.js:33:43)
    at eval (./src/app/Web3Provider.tsx:8:90)
    at (ssr)/./src/app/Web3Provider.tsx (/Users/atomauro/agora-temporal2/agora-near/.next/server/app/delegates/[accountId]/page.js:651:1)
    at Object.__webpack_require__ [as require] (/Users/atomauro/agora-temporal2/agora-near/.next/server/webpack-runtime.js:33:43)
digest: "3311416743"
 ⨯ Error: ENOENT: no such file or directory, open '/Users/atomauro/agora-temporal2/agora-near/.next/browser/default-stylesheet.css'
    at Object.readFileSync (node:fs:442:20)
    at __webpack_require__ (/Users/atomauro/agora-temporal2/agora-near/.next/server/webpack-runtime.js:33:43)
    at __webpack_require__ (/Users/atomauro/agora-temporal2/agora-near/.next/server/webpack-runtime.js:33:43)
    at __webpack_require__ (/Users/atomauro/agora-temporal2/agora-near/.next/server/webpack-runtime.js:33:43)
    at __webpack_require__ (/Users/atomauro/agora-temporal2/agora-near/.next/server/webpack-runtime.js:33:43)
    at __webpack_require__ (/Users/atomauro/agora-temporal2/agora-near/.next/server/webpack-runtime.js:33:43)
    at __webpack_require__ (/Users/atomauro/agora-temporal2/agora-near/.next/server/webpack-runtime.js:33:43)
    at __webpack_require__ (/Users/atomauro/agora-temporal2/agora-near/.next/server/webpack-runtime.js:33:43)
    at __webpack_require__ (/Users/atomauro/agora-temporal2/agora-near/.next/server/webpack-runtime.js:33:43)
    at __webpack_require__ (/Users/atomauro/agora-temporal2/agora-near/.next/server/webpack-runtime.js:33:43)
    at eval (./src/lib/sanitizationUtils.ts:7:78)
    at (ssr)/./src/lib/sanitizationUtils.ts (/Users/atomauro/agora-temporal2/agora-near/.next/server/app/delegates/[accountId]/page.js:2741:1)
    at __webpack_require__ (/Users/atomauro/agora-temporal2/agora-near/.next/server/webpack-runtime.js:33:43)
    at eval (./src/components/Notifications/SubscribeDialog.tsx:19:81)
    at (ssr)/./src/components/Notifications/SubscribeDialog.tsx (/Users/atomauro/agora-temporal2/agora-near/.next/server/app/delegates/[accountId]/page.js:1663:1)
    at __webpack_require__ (/Users/atomauro/agora-temporal2/agora-near/.next/server/webpack-runtime.js:33:43)
    at eval (./src/components/Dialogs/DialogProvider/dialogs.tsx:17:100)
    at (ssr)/./src/components/Dialogs/DialogProvider/dialogs.tsx (/Users/atomauro/agora-temporal2/agora-near/.next/server/app/delegates/[accountId]/page.js:1058:1)
    at __webpack_require__ (/Users/atomauro/agora-temporal2/agora-near/.next/server/webpack-runtime.js:33:43)
    at eval (./src/components/Dialogs/DialogProvider/DialogProvider.tsx:11:66)
    at (ssr)/./src/components/Dialogs/DialogProvider/DialogProvider.tsx (/Users/atomauro/agora-temporal2/agora-near/.next/server/app/delegates/[accountId]/page.js:1047:1)
    at __webpack_require__ (/Users/atomauro/agora-temporal2/agora-near/.next/server/webpack-runtime.js:33:43)
    at eval (./src/components/Layout/PageContainer.tsx:10:96)
    at (ssr)/./src/components/Layout/PageContainer.tsx (/Users/atomauro/agora-temporal2/agora-near/.next/server/app/delegates/[accountId]/page.js:1586:1)
    at __webpack_require__ (/Users/atomauro/agora-temporal2/agora-near/.next/server/webpack-runtime.js:33:43)
    at eval (./src/app/Web3Provider.tsx:8:90)
    at (ssr)/./src/app/Web3Provider.tsx (/Users/atomauro/agora-temporal2/agora-near/.next/server/app/delegates/[accountId]/page.js:651:1)
    at Object.__webpack_require__ [as require] (/Users/atomauro/agora-temporal2/agora-near/.next/server/webpack-runtime.js:33:43)
digest: "3311416743"
 ⨯ Error: ENOENT: no such file or directory, open '/Users/atomauro/agora-temporal2/agora-near/.next/browser/default-stylesheet.css'
    at Object.readFileSync (node:fs:442:20)
    at __webpack_require__ (/Users/atomauro/agora-temporal2/agora-near/.next/server/webpack-runtime.js:33:43)
    at __webpack_require__ (/Users/atomauro/agora-temporal2/agora-near/.next/server/webpack-runtime.js:33:43)
    at __webpack_require__ (/Users/atomauro/agora-temporal2/agora-near/.next/server/webpack-runtime.js:33:43)
    at __webpack_require__ (/Users/atomauro/agora-temporal2/agora-near/.next/server/webpack-runtime.js:33:43)
    at __webpack_require__ (/Users/atomauro/agora-temporal2/agora-near/.next/server/webpack-runtime.js:33:43)
    at __webpack_require__ (/Users/atomauro/agora-temporal2/agora-near/.next/server/webpack-runtime.js:33:43)
    at __webpack_require__ (/Users/atomauro/agora-temporal2/agora-near/.next/server/webpack-runtime.js:33:43)
    at __webpack_require__ (/Users/atomauro/agora-temporal2/agora-near/.next/server/webpack-runtime.js:33:43)
    at __webpack_require__ (/Users/atomauro/agora-temporal2/agora-near/.next/server/webpack-runtime.js:33:43)
    at eval (./src/lib/sanitizationUtils.ts:7:78)
    at (ssr)/./src/lib/sanitizationUtils.ts (/Users/atomauro/agora-temporal2/agora-near/.next/server/app/delegates/[accountId]/page.js:2741:1)
    at __webpack_require__ (/Users/atomauro/agora-temporal2/agora-near/.next/server/webpack-runtime.js:33:43)
    at eval (./src/components/Notifications/SubscribeDialog.tsx:19:81)
    at (ssr)/./src/components/Notifications/SubscribeDialog.tsx (/Users/atomauro/agora-temporal2/agora-near/.next/server/app/delegates/[accountId]/page.js:1663:1)
    at __webpack_require__ (/Users/atomauro/agora-temporal2/agora-near/.next/server/webpack-runtime.js:33:43)
    at eval (./src/components/Dialogs/DialogProvider/dialogs.tsx:17:100)
    at (ssr)/./src/components/Dialogs/DialogProvider/dialogs.tsx (/Users/atomauro/agora-temporal2/agora-near/.next/server/app/delegates/[accountId]/page.js:1058:1)
    at __webpack_require__ (/Users/atomauro/agora-temporal2/agora-near/.next/server/webpack-runtime.js:33:43)
    at eval (./src/components/Dialogs/DialogProvider/DialogProvider.tsx:11:66)
    at (ssr)/./src/components/Dialogs/DialogProvider/DialogProvider.tsx (/Users/atomauro/agora-temporal2/agora-near/.next/server/app/delegates/[accountId]/page.js:1047:1)
    at __webpack_require__ (/Users/atomauro/agora-temporal2/agora-near/.next/server/webpack-runtime.js:33:43)
    at eval (./src/components/Layout/PageContainer.tsx:10:96)
    at (ssr)/./src/components/Layout/PageContainer.tsx (/Users/atomauro/agora-temporal2/agora-near/.next/server/app/delegates/[accountId]/page.js:1586:1)
    at __webpack_require__ (/Users/atomauro/agora-temporal2/agora-near/.next/server/webpack-runtime.js:33:43)
    at eval (./src/app/Web3Provider.tsx:8:90)
    at (ssr)/./src/app/Web3Provider.tsx (/Users/atomauro/agora-temporal2/agora-near/.next/server/app/delegates/[accountId]/page.js:651:1)
    at Object.__webpack_require__ [as require] (/Users/atomauro/agora-temporal2/agora-near/.next/server/webpack-runtime.js:33:43)
digest: "3311416743"
 GET /delegates?layout=list 500 in 219ms
 GET /delegates 500 in 223ms
 GET /delegates 500 in 223ms
 GET /delegates/whale.near 500 in 999ms
